[
{
  "model": "core.user",
  "pk": 1,
  "fields": {
    "password": "argon2$argon2id$v=19$m=102400,t=2,p=8$TUVpRG1pN25DYUhVek5iZWlJdVBVaw$463ojGrSvSh3WdzQ0tLpF1xGfGm8Wq0VbUBuxUpUEtc",
    "last_login": "2026-07-15T13:02:18.089Z",
    "is_superuser": true,
    "username": "munashe",
    "first_name": "",
    "last_name": "",
    "email": "tungwararamunashe@gmail.com",
    "is_staff": true,
    "is_active": true,
    "date_joined": "2026-04-03T13:05:17.861Z",
    "user_type": "admin",
    "phone_number": "",
    "profile_picture": "profiles/beef-cattle-breeder-american-brahman-red-on-the-ground-in-the-fram-big-male-bra_L8dBgJ4.jpg",
    "preferred_language": "en",
    "accepts_sms": true,
    "accepts_email": true,
    "farm_name": "",
    "location_lat": null,
    "location_lng": null,
    "is_verified": false,
    "id_number": "",
    "email_verified": false,
    "phone_verified": false,
    "last_active": "2026-04-12T19:05:15.858Z",
    "created_at": "2026-04-03T13:05:17.862Z",
    "updated_at": "2026-04-12T19:05:15.858Z",
    "cooperative_member": null,
    "permissions": {},
    "is_active_member": true,
    "groups": [],
    "user_permissions": [],
    "assigned_farms": []
  }
},
{
  "model": "core.user",
  "pk": 2,
  "fields": {
    "password": "argon2$argon2id$v=19$m=102400,t=2,p=8$YVJLcnR4REhWMmttU1Z2Znd3T2NpeA$eVqRf/6x4Men7iI8HrDIeStS9GAPThQP2h5gfm7N7CE",
    "last_login": "2026-04-04T07:22:44.820Z",
    "is_superuser": false,
    "username": "admin@mail.com",
    "first_name": "",
    "last_name": "",
    "email": "tungwararamunashe@gmail.com",
    "is_staff": false,
    "is_active": true,
    "date_joined": "2026-04-04T06:43:58.498Z",
    "user_type": "cooperative_admin",
    "phone_number": "0788994921",
    "profile_picture": "",
    "preferred_language": "en",
    "accepts_sms": true,
    "accepts_email": true,
    "farm_name": "",
    "location_lat": null,
    "location_lng": null,
    "is_verified": false,
    "id_number": "",
    "email_verified": false,
    "phone_verified": false,
    "last_active": "2026-04-04T06:43:58.814Z",
    "created_at": "2026-04-04T06:43:58.814Z",
    "updated_at": "2026-04-04T06:43:58.814Z",
    "cooperative_member": null,
    "permissions": {},
    "is_active_member": true,
    "groups": [],
    "user_permissions": [],
    "assigned_farms": []
  }
},
{
  "model": "core.user",
  "pk": 4,
  "fields": {
    "password": "!FljZMalvejnRBQsYi5w1EMPLVDzmCT2BCWq3WeaA",
    "last_login": null,
    "is_superuser": false,
    "username": "peter",
    "first_name": "peter",
    "last_name": "",
    "email": "",
    "is_staff": false,
    "is_active": true,
    "date_joined": "2026-04-07T13:41:16.976Z",
    "user_type": "labor",
    "phone_number": "+255peter",
    "profile_picture": "",
    "preferred_language": "en",
    "accepts_sms": true,
    "accepts_email": true,
    "farm_name": "",
    "location_lat": null,
    "location_lng": null,
    "is_verified": false,
    "id_number": "",
    "email_verified": false,
    "phone_verified": false,
    "last_active": "2026-04-07T13:41:16.978Z",
    "created_at": "2026-04-07T13:41:16.978Z",
    "updated_at": "2026-04-07T13:41:16.978Z",
    "cooperative_member": null,
    "permissions": {},
    "is_active_member": true,
    "groups": [],
    "user_permissions": [],
    "assigned_farms": []
  }
},
{
  "model": "core.user",
  "pk": 5,
  "fields": {
    "password": "argon2$argon2id$v=19$m=102400,t=2,p=8$M2FjWGVYZkV1NjgyaTRyMjN4ZDBTUg$14oncOs1/TID74Cjc2hdMh8rEzngW8IA59RBc+UypHQ",
    "last_login": "2026-04-10T11:46:25.145Z",
    "is_superuser": false,
    "username": "zarchy",
    "first_name": "",
    "last_name": "",
    "email": "tungwararamunashe@gmail.com",
    "is_staff": false,
    "is_active": true,
    "date_joined": "2026-04-10T09:20:41.275Z",
    "user_type": "agronomist",
    "phone_number": "3456667777",
    "profile_picture": "",
    "preferred_language": "en",
    "accepts_sms": true,
    "accepts_email": true,
    "farm_name": "",
    "location_lat": null,
    "location_lng": null,
    "is_verified": false,
    "id_number": "",
    "email_verified": false,
    "phone_verified": false,
    "last_active": "2026-04-10T09:20:50.184Z",
    "created_at": "2026-04-10T09:20:41.679Z",
    "updated_at": "2026-04-10T09:20:50.184Z",
    "cooperative_member": null,
    "permissions": {},
    "is_active_member": true,
    "groups": [
      1
    ],
    "user_permissions": [],
    "assigned_farms": [
      3,
      1
    ]
  }
},
{
  "model": "core.user",
  "pk": 7,
  "fields": {
    "password": "argon2$argon2id$v=19$m=102400,t=2,p=8$QUdyR3RvSnV2bG9WTWhLRWd4R3RPUQ$dMjPrQ32l+r4B5/dbMd0+V45g4AUmZOc8Zos4NP0ZNk",
    "last_login": null,
    "is_superuser": false,
    "username": "agronomist_demo",
    "first_name": "Demo",
    "last_name": "Agronomist",
    "email": "agronomist@farmwise.local",
    "is_staff": false,
    "is_active": true,
    "date_joined": "2026-04-10T12:31:20.757Z",
    "user_type": "farmer",
    "phone_number": "+1-555-AGRONOMIST",
    "profile_picture": "",
    "preferred_language": "en",
    "accepts_sms": true,
    "accepts_email": true,
    "farm_name": "",
    "location_lat": null,
    "location_lng": null,
    "is_verified": false,
    "id_number": "",
    "email_verified": false,
    "phone_verified": false,
    "last_active": "2026-04-10T12:31:20.955Z",
    "created_at": "2026-04-10T12:31:20.757Z",
    "updated_at": "2026-04-10T12:31:20.955Z",
    "cooperative_member": null,
    "permissions": {},
    "is_active_member": true,
    "groups": [
      1
    ],
    "user_permissions": [],
    "assigned_farms": [
      3,
      1
    ]
  }
},
{
  "model": "core.farm",
  "pk": 1,
  "fields": {
    "owner": 1,
    "cooperative": null,
    "name": "fjkff",
    "location": {
      "lat": -17.864465977524123,
      "lng": 31.035449977498505
    },
    "address": "9th Avenue, Mbare, Harare, Zimbabwe",
    "total_area_hectares": "12.00",
    "farm_type": "mixed",
    "registration_number": "FARM-5DBD2A09",
    "status": "active",
    "is_verified": false,
    "bank_account": {},
    "created_at": "2026-04-03T14:03:36.803Z",
    "updated_at": "2026-04-03T14:03:36.803Z"
  }
},
{
  "model": "core.farm",
  "pk": 2,
  "fields": {
    "owner": 1,
    "cooperative": null,
    "name": "fjkff",
    "location": {
      "lat": -17.864465977524123,
      "lng": 31.035449977498505
    },
    "address": "9th Avenue, Mbare, Harare, Zimbabwe",
    "total_area_hectares": "12.00",
    "farm_type": "mixed",
    "registration_number": "FARM-38008704",
    "status": "active",
    "is_verified": false,
    "bank_account": {},
    "created_at": "2026-04-03T18:24:09.177Z",
    "updated_at": "2026-04-03T18:24:09.177Z"
  }
},
{
  "model": "core.farm",
  "pk": 3,
  "fields": {
    "owner": 5,
    "cooperative": null,
    "name": "My Farm",
    "location": null,
    "address": "Default Location",
    "total_area_hectares": "0.00",
    "farm_type": "crop",
    "registration_number": "FARM-CAB1D657",
    "status": "active",
    "is_verified": false,
    "bank_account": {},
    "created_at": "2026-04-10T12:20:12.805Z",
    "updated_at": "2026-04-10T12:20:12.805Z"
  }
},
{
  "model": "core.farm",
  "pk": 4,
  "fields": {
    "owner": 1,
    "cooperative": null,
    "name": "kerwed",
    "location": {
      "lat": -18.974656,
      "lng": 32.670473
    },
    "address": "Mutare, Manicaland Province, Zimbabwe",
    "total_area_hectares": "10.00",
    "farm_type": "mixed",
    "registration_number": "FARM-7777E329",
    "status": "active",
    "is_verified": false,
    "bank_account": {},
    "created_at": "2026-06-16T13:25:48.473Z",
    "updated_at": "2026-06-16T13:25:48.473Z"
  }
},
{
  "model": "core.field",
  "pk": 1,
  "fields": {
    "farm": 2,
    "name": "north",
    "area_hectares": "5.00",
    "boundary": null,
    "soil_type": "sandy",
    "slope": "flat",
    "drainage": "good",
    "elevation_meters": null,
    "ph_level": null,
    "irrigation_available": true,
    "irrigation_type": "",
    "notes": "fhdd",
    "is_active": true,
    "created_at": "2026-04-03T18:41:07.296Z",
    "updated_at": "2026-04-03T18:41:07.296Z"
  }
},
{
  "model": "core.field",
  "pk": 2,
  "fields": {
    "farm": 4,
    "name": "computing Devices",
    "area_hectares": "2.00",
    "boundary": null,
    "soil_type": "clay",
    "slope": "gentle",
    "drainage": "good",
    "elevation_meters": null,
    "ph_level": null,
    "irrigation_available": true,
    "irrigation_type": "",
    "notes": "dbd",
    "is_active": true,
    "created_at": "2026-06-16T13:26:15.662Z",
    "updated_at": "2026-06-16T13:26:15.662Z"
  }
},
{
  "model": "core.croptype",
  "pk": 1,
  "fields": {
    "name": "Maize",
    "scientific_name": "Zea mays",
    "category": "cereal",
    "growing_days": 120,
    "water_requirement_mm": 500,
    "optimal_temp_min": "20.00",
    "optimal_temp_max": "30.00",
    "planting_distance_cm": 75,
    "seed_rate_kg_per_ha": "15.00",
    "expected_yield_kg_per_ha": "5000.00",
    "image": "",
    "description": "Major grain crop, versatile for food and animal feed",
    "is_active": true,
    "created_at": "2026-04-03T18:44:38.851Z",
    "updated_at": "2026-04-03T18:44:38.851Z"
  }
},
{
  "model": "core.croptype",
  "pk": 2,
  "fields": {
    "name": "Wheat",
    "scientific_name": "Triticum aestivum",
    "category": "cereal",
    "growing_days": 140,
    "water_requirement_mm": 450,
    "optimal_temp_min": "15.00",
    "optimal_temp_max": "25.00",
    "planting_distance_cm": 20,
    "seed_rate_kg_per_ha": "80.00",
    "expected_yield_kg_per_ha": "4000.00",
    "image": "",
    "description": "Winter cereal crop, staple grain worldwide",
    "is_active": true,
    "created_at": "2026-04-03T18:44:38.857Z",
    "updated_at": "2026-04-03T18:44:38.857Z"
  }
},
{
  "model": "core.croptype",
  "pk": 3,
  "fields": {
    "name": "Rice",
    "scientific_name": "Oryza sativa",
    "category": "cereal",
    "growing_days": 130,
    "water_requirement_mm": 1200,
    "optimal_temp_min": "25.00",
    "optimal_temp_max": "35.00",
    "planting_distance_cm": 20,
    "seed_rate_kg_per_ha": "40.00",
    "expected_yield_kg_per_ha": "6000.00",
    "image": "",
    "description": "Primary staple crop, requires flooded paddies",
    "is_active": true,
    "created_at": "2026-04-03T18:44:38.862Z",
    "updated_at": "2026-04-03T18:44:38.862Z"
  }
},
{
  "model": "core.croptype",
  "pk": 4,
  "fields": {
    "name": "Soybean",
    "scientific_name": "Glycine max",
    "category": "legume",
    "growing_days": 110,
    "water_requirement_mm": 450,
    "optimal_temp_min": "20.00",
    "optimal_temp_max": "30.00",
    "planting_distance_cm": 45,
    "seed_rate_kg_per_ha": "50.00",
    "expected_yield_kg_per_ha": "2000.00",
    "image": "",
    "description": "Protein-rich legume, rotational crop for soil improvement",
    "is_active": true,
    "created_at": "2026-04-03T18:44:38.866Z",
    "updated_at": "2026-04-03T18:44:38.866Z"
  }
},
{
  "model": "core.croptype",
  "pk": 5,
  "fields": {
    "name": "Beans",
    "scientific_name": "Phaseolus vulgaris",
    "category": "legume",
    "growing_days": 90,
    "water_requirement_mm": 400,
    "optimal_temp_min": "18.00",
    "optimal_temp_max": "28.00",
    "planting_distance_cm": 30,
    "seed_rate_kg_per_ha": "60.00",
    "expected_yield_kg_per_ha": "1500.00",
    "image": "",
    "description": "Common bean, nutritious legume",
    "is_active": true,
    "created_at": "2026-04-03T18:44:38.871Z",
    "updated_at": "2026-04-03T18:44:38.871Z"
  }
},
{
  "model": "core.croptype",
  "pk": 6,
  "fields": {
    "name": "Groundnut",
    "scientific_name": "Arachis hypogaea",
    "category": "legume",
    "growing_days": 120,
    "water_requirement_mm": 450,
    "optimal_temp_min": "20.00",
    "optimal_temp_max": "30.00",
    "planting_distance_cm": 30,
    "seed_rate_kg_per_ha": "80.00",
    "expected_yield_kg_per_ha": "1800.00",
    "image": "",
    "description": "Oil and protein crop, nitrogen-fixing legume",
    "is_active": true,
    "created_at": "2026-04-03T18:44:38.876Z",
    "updated_at": "2026-04-03T18:44:38.876Z"
  }
},
{
  "model": "core.croptype",
  "pk": 7,
  "fields": {
    "name": "Tomato",
    "scientific_name": "Solanum lycopersicum",
    "category": "vegetable",
    "growing_days": 75,
    "water_requirement_mm": 400,
    "optimal_temp_min": "22.00",
    "optimal_temp_max": "28.00",
    "planting_distance_cm": 60,
    "seed_rate_kg_per_ha": "0.30",
    "expected_yield_kg_per_ha": "25000.00",
    "image": "",
    "description": "High-value vegetable crop, market demand",
    "is_active": true,
    "created_at": "2026-04-03T18:44:38.882Z",
    "updated_at": "2026-04-03T18:44:38.882Z"
  }
},
{
  "model": "core.croptype",
  "pk": 8,
  "fields": {
    "name": "Cabbage",
    "scientific_name": "Brassica oleracea",
    "category": "vegetable",
    "growing_days": 90,
    "water_requirement_mm": 450,
    "optimal_temp_min": "15.00",
    "optimal_temp_max": "25.00",
    "planting_distance_cm": 45,
    "seed_rate_kg_per_ha": "0.30",
    "expected_yield_kg_per_ha": "30000.00",
    "image": "",
    "description": "Leafy vegetable, long storage life",
    "is_active": true,
    "created_at": "2026-04-03T18:44:38.890Z",
    "updated_at": "2026-04-03T18:44:38.890Z"
  }
},
{
  "model": "core.croptype",
  "pk": 9,
  "fields": {
    "name": "Onion",
    "scientific_name": "Allium cepa",
    "category": "vegetable",
    "growing_days": 120,
    "water_requirement_mm": 350,
    "optimal_temp_min": "15.00",
    "optimal_temp_max": "25.00",
    "planting_distance_cm": 15,
    "seed_rate_kg_per_ha": "4.00",
    "expected_yield_kg_per_ha": "20000.00",
    "image": "",
    "description": "Bulb crop, long shelf life, year-round demand",
    "is_active": true,
    "created_at": "2026-04-03T18:44:38.896Z",
    "updated_at": "2026-04-03T18:44:38.896Z"
  }
},
{
  "model": "core.croptype",
  "pk": 10,
  "fields": {
    "name": "Lettuce",
    "scientific_name": "Lactuca sativa",
    "category": "vegetable",
    "growing_days": 60,
    "water_requirement_mm": 350,
    "optimal_temp_min": "15.00",
    "optimal_temp_max": "20.00",
    "planting_distance_cm": 25,
    "seed_rate_kg_per_ha": "5.00",
    "expected_yield_kg_per_ha": "15000.00",
    "image": "",
    "description": "Leafy green, cool season crop",
    "is_active": true,
    "created_at": "2026-04-03T18:44:38.900Z",
    "updated_at": "2026-04-03T18:44:38.900Z"
  }
},
{
  "model": "core.croptype",
  "pk": 11,
  "fields": {
    "name": "Pepper",
    "scientific_name": "Capsicum annuum",
    "category": "vegetable",
    "growing_days": 90,
    "water_requirement_mm": 550,
    "optimal_temp_min": "22.00",
    "optimal_temp_max": "28.00",
    "planting_distance_cm": 50,
    "seed_rate_kg_per_ha": "0.20",
    "expected_yield_kg_per_ha": "15000.00",
    "image": "",
    "description": "Spice and vegetable crop, high market value",
    "is_active": true,
    "created_at": "2026-04-03T18:44:38.906Z",
    "updated_at": "2026-04-03T18:44:38.906Z"
  }
},
{
  "model": "core.croptype",
  "pk": 12,
  "fields": {
    "name": "Potato",
    "scientific_name": "Solanum tuberosum",
    "category": "tuber",
    "growing_days": 90,
    "water_requirement_mm": 500,
    "optimal_temp_min": "15.00",
    "optimal_temp_max": "20.00",
    "planting_distance_cm": 30,
    "seed_rate_kg_per_ha": "1500.00",
    "expected_yield_kg_per_ha": "20000.00",
    "image": "",
    "description": "Staple tuber crop, short growing cycle",
    "is_active": true,
    "created_at": "2026-04-03T18:44:38.912Z",
    "updated_at": "2026-04-03T18:44:38.912Z"
  }
},
{
  "model": "core.croptype",
  "pk": 13,
  "fields": {
    "name": "Cassava",
    "scientific_name": "Manihot esculenta",
    "category": "tuber",
    "growing_days": 300,
    "water_requirement_mm": 800,
    "optimal_temp_min": "20.00",
    "optimal_temp_max": "30.00",
    "planting_distance_cm": 100,
    "seed_rate_kg_per_ha": "10.00",
    "expected_yield_kg_per_ha": "12000.00",
    "image": "",
    "description": "Root crop, drought tolerant, staple carbohydrate",
    "is_active": true,
    "created_at": "2026-04-03T18:44:38.917Z",
    "updated_at": "2026-04-03T18:44:38.917Z"
  }
},
{
  "model": "core.croptype",
  "pk": 14,
  "fields": {
    "name": "Sweet Potato",
    "scientific_name": "Ipomoea batatas",
    "category": "tuber",
    "growing_days": 120,
    "water_requirement_mm": 700,
    "optimal_temp_min": "20.00",
    "optimal_temp_max": "30.00",
    "planting_distance_cm": 30,
    "seed_rate_kg_per_ha": "8.00",
    "expected_yield_kg_per_ha": "15000.00",
    "image": "",
    "description": "Nutritious tuber, drought tolerant",
    "is_active": true,
    "created_at": "2026-04-03T18:44:38.922Z",
    "updated_at": "2026-04-03T18:44:38.922Z"
  }
},
{
  "model": "core.croptype",
  "pk": 15,
  "fields": {
    "name": "Mango",
    "scientific_name": "Mangifera indica",
    "category": "fruit",
    "growing_days": 0,
    "water_requirement_mm": 900,
    "optimal_temp_min": "24.00",
    "optimal_temp_max": "30.00",
    "planting_distance_cm": 800,
    "seed_rate_kg_per_ha": null,
    "expected_yield_kg_per_ha": "3000.00",
    "image": "",
    "description": "Perennial fruit tree, high commercial value",
    "is_active": true,
    "created_at": "2026-04-03T18:44:38.955Z",
    "updated_at": "2026-04-03T18:44:38.955Z"
  }
},
{
  "model": "core.croptype",
  "pk": 16,
  "fields": {
    "name": "Banana",
    "scientific_name": "Musa spp.",
    "category": "fruit",
    "growing_days": 270,
    "water_requirement_mm": 1200,
    "optimal_temp_min": "22.00",
    "optimal_temp_max": "32.00",
    "planting_distance_cm": 300,
    "seed_rate_kg_per_ha": null,
    "expected_yield_kg_per_ha": "8000.00",
    "image": "",
    "description": "High-yielding fruit, year-round supply",
    "is_active": true,
    "created_at": "2026-04-03T18:44:38.962Z",
    "updated_at": "2026-04-03T18:44:38.962Z"
  }
},
{
  "model": "core.croptype",
  "pk": 17,
  "fields": {
    "name": "Citrus",
    "scientific_name": "Citrus spp.",
    "category": "fruit",
    "growing_days": 0,
    "water_requirement_mm": 800,
    "optimal_temp_min": "15.00",
    "optimal_temp_max": "25.00",
    "planting_distance_cm": 600,
    "seed_rate_kg_per_ha": null,
    "expected_yield_kg_per_ha": "2000.00",
    "image": "",
    "description": "Perennial citrus trees, nutritious fruit",
    "is_active": true,
    "created_at": "2026-04-03T18:44:38.965Z",
    "updated_at": "2026-04-03T18:44:38.965Z"
  }
},
{
  "model": "core.croptype",
  "pk": 18,
  "fields": {
    "name": "Cotton",
    "scientific_name": "Gossypium hirsutum",
    "category": "cash",
    "growing_days": 180,
    "water_requirement_mm": 700,
    "optimal_temp_min": "20.00",
    "optimal_temp_max": "30.00",
    "planting_distance_cm": 90,
    "seed_rate_kg_per_ha": "15.00",
    "expected_yield_kg_per_ha": "1500.00",
    "image": "",
    "description": "Major cash crop, fiber production",
    "is_active": true,
    "created_at": "2026-04-03T18:44:38.968Z",
    "updated_at": "2026-04-03T18:44:38.968Z"
  }
},
{
  "model": "core.croptype",
  "pk": 19,
  "fields": {
    "name": "Coffee",
    "scientific_name": "Coffea arabica",
    "category": "cash",
    "growing_days": 0,
    "water_requirement_mm": 1500,
    "optimal_temp_min": "18.00",
    "optimal_temp_max": "24.00",
    "planting_distance_cm": 300,
    "seed_rate_kg_per_ha": null,
    "expected_yield_kg_per_ha": "1000.00",
    "image": "",
    "description": "Perennial cash crop, specialty beverage",
    "is_active": true,
    "created_at": "2026-04-03T18:44:38.971Z",
    "updated_at": "2026-04-03T18:44:38.971Z"
  }
},
{
  "model": "core.croptype",
  "pk": 20,
  "fields": {
    "name": "Tea",
    "scientific_name": "Camellia sinensis",
    "category": "cash",
    "growing_days": 0,
    "water_requirement_mm": 2000,
    "optimal_temp_min": "15.00",
    "optimal_temp_max": "25.00",
    "planting_distance_cm": 150,
    "seed_rate_kg_per_ha": null,
    "expected_yield_kg_per_ha": "2000.00",
    "image": "",
    "description": "Perennial plantation crop, global demand",
    "is_active": true,
    "created_at": "2026-04-03T18:44:38.974Z",
    "updated_at": "2026-04-03T18:44:38.974Z"
  }
},
{
  "model": "core.croptype",
  "pk": 21,
  "fields": {
    "name": "Sugarcane",
    "scientific_name": "Saccharum officinarum",
    "category": "cash",
    "growing_days": 360,
    "water_requirement_mm": 1500,
    "optimal_temp_min": "21.00",
    "optimal_temp_max": "30.00",
    "planting_distance_cm": 100,
    "seed_rate_kg_per_ha": "60.00",
    "expected_yield_kg_per_ha": "50000.00",
    "image": "",
    "description": "Industrial crop, sugar and biofuel production",
    "is_active": true,
    "created_at": "2026-04-03T18:44:38.978Z",
    "updated_at": "2026-04-03T18:44:38.978Z"
  }
},
{
  "model": "core.croptype",
  "pk": 22,
  "fields": {
    "name": "Alfalfa",
    "scientific_name": "Medicago sativa",
    "category": "fodder",
    "growing_days": 0,
    "water_requirement_mm": 600,
    "optimal_temp_min": "15.00",
    "optimal_temp_max": "25.00",
    "planting_distance_cm": 15,
    "seed_rate_kg_per_ha": "15.00",
    "expected_yield_kg_per_ha": "8000.00",
    "image": "",
    "description": "Perennial forage, livestock feed",
    "is_active": true,
    "created_at": "2026-04-03T18:44:38.981Z",
    "updated_at": "2026-04-03T18:44:38.981Z"
  }
},
{
  "model": "core.croptype",
  "pk": 23,
  "fields": {
    "name": "Maize Fodder",
    "scientific_name": "Zea mays",
    "category": "fodder",
    "growing_days": 60,
    "water_requirement_mm": 400,
    "optimal_temp_min": "20.00",
    "optimal_temp_max": "30.00",
    "planting_distance_cm": 30,
    "seed_rate_kg_per_ha": "30.00",
    "expected_yield_kg_per_ha": "30000.00",
    "image": "",
    "description": "Green fodder for livestock, nutritious feed",
    "is_active": true,
    "created_at": "2026-04-03T18:44:38.984Z",
    "updated_at": "2026-04-03T18:44:38.984Z"
  }
},
{
  "model": "core.cropseason",
  "pk": 1,
  "fields": {
    "field": 1,
    "crop_type": 14,
    "variety": "local",
    "season": "off",
    "planting_date": "2026-04-10",
    "expected_harvest_date": "2026-08-08",
    "actual_harvest_date": null,
    "status": "planted",
    "estimated_yield_kg": null,
    "actual_yield_kg": null,
    "estimated_revenue": null,
    "actual_revenue": null,
    "photo": "",
    "notes": "evtgb",
    "created_by": 1,
    "created_at": "2026-04-03T18:46:59.161Z",
    "updated_at": "2026-04-11T11:11:18.974Z"
  }
},
{
  "model": "core.cropseason",
  "pk": 2,
  "fields": {
    "field": 1,
    "crop_type": 1,
    "variety": "gg",
    "season": "main",
    "planting_date": "2026-04-12",
    "expected_harvest_date": "2026-08-10",
    "actual_harvest_date": null,
    "status": "planted",
    "estimated_yield_kg": null,
    "actual_yield_kg": null,
    "estimated_revenue": null,
    "actual_revenue": null,
    "photo": "",
    "notes": "fgdgg",
    "created_by": 1,
    "created_at": "2026-04-03T18:49:43.619Z",
    "updated_at": "2026-04-12T16:59:59.185Z"
  }
},
{
  "model": "core.cropseason",
  "pk": 3,
  "fields": {
    "field": 1,
    "crop_type": 4,
    "variety": "fg",
    "season": "main",
    "planting_date": "2026-03-30",
    "expected_harvest_date": "2026-07-18",
    "actual_harvest_date": null,
    "status": "planted",
    "estimated_yield_kg": null,
    "actual_yield_kg": null,
    "estimated_revenue": null,
    "actual_revenue": null,
    "photo": "",
    "notes": "ggd",
    "created_by": 1,
    "created_at": "2026-04-03T18:50:17.189Z",
    "updated_at": "2026-04-11T11:11:18.996Z"
  }
},
{
  "model": "core.inputapplication",
  "pk": 1,
  "fields": {
    "crop_season": 1,
    "input_type": "seed",
    "product_name": "rff",
    "quantity": "1256.00",
    "unit": "kg",
    "cost_per_unit": "10.00",
    "application_date": "2026-04-03",
    "application_method": "brd",
    "applied_by": 1,
    "notes": "dgggggggggggggg",
    "created_at": "2026-04-03T18:48:30.881Z"
  }
},
{
  "model": "core.animaltype",
  "pk": 1,
  "fields": {
    "species": "goat",
    "breed": "brahman",
    "avg_lifespan_years": 145,
    "gestation_days": 123,
    "weaning_days": 15,
    "avg_milk_liters_per_day": "1.00",
    "avg_egg_per_week": 0,
    "market_price": "1234.00",
    "description": "cattle",
    "is_active": true,
    "created_at": "2026-04-07T12:36:42.515Z"
  }
},
{
  "model": "core.animal",
  "pk": 1,
  "fields": {
    "farm": 1,
    "animal_type": 1,
    "tag_number": "54554",
    "name": "",
    "gender": "male",
    "birth_date": "2026-04-08",
    "purchase_date": "2026-04-20",
    "purchase_price": null,
    "weight_kg": "150.00",
    "status": "alive",
    "mother": null,
    "father": null,
    "location": "",
    "photo": "animals/beef-cattle-breeder-american-brahman-red-on-the-ground-in-the-fram-big-male-brah_2k3LolS.jpg",
    "notes": "",
    "created_at": "2026-04-07T12:38:39.848Z",
    "updated_at": "2026-04-08T10:07:53.301Z"
  }
},
{
  "model": "core.animal",
  "pk": 2,
  "fields": {
    "farm": 1,
    "animal_type": 1,
    "tag_number": "543",
    "name": "computing Devices",
    "gender": "male",
    "birth_date": "2025-12-09",
    "purchase_date": "2026-04-07",
    "purchase_price": "675.00",
    "weight_kg": "132.00",
    "status": "alive",
    "mother": 1,
    "father": null,
    "location": "",
    "photo": "",
    "notes": "",
    "created_at": "2026-04-07T12:38:52.832Z",
    "updated_at": "2026-04-07T12:38:52.832Z"
  }
},
{
  "model": "core.animal",
  "pk": 3,
  "fields": {
    "farm": 1,
    "animal_type": 1,
    "tag_number": "5776",
    "name": "boss",
    "gender": "female",
    "birth_date": "2025-08-20",
    "purchase_date": "2026-03-05",
    "purchase_price": "76.00",
    "weight_kg": "78.00",
    "status": "alive",
    "mother": null,
    "father": null,
    "location": "MSASA",
    "photo": "",
    "notes": "good",
    "created_at": "2026-04-07T13:08:02.363Z",
    "updated_at": "2026-04-07T13:08:02.363Z"
  }
},
{
  "model": "core.healthrecord",
  "pk": 1,
  "fields": {
    "animal": 1,
    "record_type": "vaccination",
    "record_date": "2026-04-08",
    "diagnosis": "mastitis",
    "symptoms": "none",
    "treatment": "hjkh",
    "medication_name": "jkh",
    "dosage": "15ml",
    "administered_by": "tawanda",
    "cost": "12.00",
    "next_due_date": "2026-06-08",
    "status": "overdue",
    "notes": "gdsg",
    "created_at": "2026-04-08T10:09:23.746Z"
  }
},
{
  "model": "core.healthrecord",
  "pk": 11,
  "fields": {
    "animal": 1,
    "record_type": "vaccination",
    "record_date": "2026-04-13",
    "diagnosis": "",
    "symptoms": "",
    "treatment": "",
    "medication_name": "Test Vaccination",
    "dosage": "Test",
    "administered_by": "",
    "cost": null,
    "next_due_date": "2026-04-16",
    "status": "overdue",
    "notes": "",
    "created_at": "2026-04-13T06:18:55.663Z"
  }
},
{
  "model": "core.healthrecord",
  "pk": 13,
  "fields": {
    "animal": 1,
    "record_type": "vaccination",
    "record_date": "2026-04-13",
    "diagnosis": "",
    "symptoms": "",
    "treatment": "",
    "medication_name": "Test Vaccination",
    "dosage": "Test",
    "administered_by": "",
    "cost": null,
    "next_due_date": "2026-04-16",
    "status": "overdue",
    "notes": "",
    "created_at": "2026-04-13T06:23:54.767Z"
  }
},
{
  "model": "core.equipment",
  "pk": 1,
  "fields": {
    "owner": 1,
    "name": "computing Devices",
    "category": "harvester",
    "description": "eyeydhjd",
    "hourly_rate": "1.00",
    "daily_rate": "65.00",
    "weekly_rate": "766.00",
    "monthly_rate": "88.00",
    "deposit_amount": "77.00",
    "location": "mutare",
    "images": [],
    "specifications": 2004,
    "status": "rented",
    "is_verified": false,
    "created_at": "2026-04-07T13:16:12.906Z",
    "updated_at": "2026-04-07T13:17:14.918Z"
  }
},
{
  "model": "core.equipment",
  "pk": 2,
  "fields": {
    "owner": 1,
    "name": "standard hours",
    "category": "tractor",
    "description": "good",
    "hourly_rate": "12.00",
    "daily_rate": "34.00",
    "weekly_rate": "50.00",
    "monthly_rate": "150.00",
    "deposit_amount": "12.00",
    "location": "mutare",
    "images": [],
    "specifications": 2455,
    "status": "available",
    "is_verified": false,
    "created_at": "2026-04-07T13:19:08.707Z",
    "updated_at": "2026-04-07T13:19:08.707Z"
  }
},
{
  "model": "core.equipmentbooking",
  "pk": 1,
  "fields": {
    "equipment": 1,
    "renter": 1,
    "start_date": "2026-04-18",
    "end_date": "2026-04-26",
    "total_days": 8,
    "total_cost": "520.00",
    "deposit_paid": "0.00",
    "status": "pending",
    "pickup_location": "MUTARE",
    "return_location": "",
    "renter_notes": "none",
    "owner_notes": "",
    "rating_by_renter": null,
    "rating_by_owner": null,
    "created_at": "2026-04-07T13:17:14.902Z",
    "updated_at": "2026-04-07T13:17:14.902Z"
  }
},
{
  "model": "core.productlisting",
  "pk": 2,
  "fields": {
    "seller": 1,
    "product_name": "maize",
    "category": "Vegetables",
    "description": "fresh",
    "quantity": "0.00",
    "unit": "kg",
    "price_per_unit": "7.00",
    "total_price": "0.00",
    "images": "marketplace/products/2026/04/seller_1/product_2/product_2_20260408_100033.jpg",
    "harvest_date": "2026-04-14",
    "expiry_date": "2027-09-08",
    "is_organic": true,
    "delivery_available": false,
    "delivery_fee": "0.00",
    "status": "active",
    "is_out_of_stock": false,
    "created_at": "2026-04-08T07:23:38.965Z",
    "updated_at": "2026-07-16T10:28:23.367Z"
  }
},
{
  "model": "core.productlisting",
  "pk": 3,
  "fields": {
    "seller": 2,
    "product_name": "mn",
    "category": "Vegetables",
    "description": ",mm,,m",
    "quantity": "3.00",
    "unit": "ton",
    "price_per_unit": "34.00",
    "total_price": "102.00",
    "images": "marketplace/products/2026/06/seller_2/product_None/product_None_20260616_161513.jpg",
    "harvest_date": "2026-06-24",
    "expiry_date": "2026-07-12",
    "is_organic": true,
    "delivery_available": true,
    "delivery_fee": "4.00",
    "status": "active",
    "is_out_of_stock": false,
    "created_at": "2026-06-16T14:15:13.631Z",
    "updated_at": "2026-06-16T14:15:13.631Z"
  }
},
{
  "model": "core.pestreport",
  "pk": 1,
  "fields": {
    "farmer": 1,
    "farm": 1,
    "field": null,
    "crop": null,
    "image": "pest_detection/2026/04/istockphoto-483451251-612x612.jpg",
    "ai_diagnosis": "Pear Rust",
    "analysis_description": "",
    "confidence": "95.00",
    "severity": "medium",
    "affected_area_percentage": "40.00",
    "treatment_recommended": "Apply fungicides such as Myclobutanil or Tebuconazole following the label instructions for dosage and frequency.",
    "prevention_tips": "Maintain good sanitation by clearing fallen leaves and debris. Space plants appropriately to enable airflow and reduce humidity.",
    "organic_options": "Use neem oil or potassium bicarbonate sprays as organic alternatives. Consider introducing resistant varieties and practicing crop rotation.",
    "agronomist_verified": false,
    "agronomist_notes": "",
    "verified_by": null,
    "status": "pending",
    "created_at": "2026-04-04T23:12:46.207Z",
    "updated_at": "2026-04-04T23:12:46.207Z"
  }
},
{
  "model": "core.pestreport",
  "pk": 2,
  "fields": {
    "farmer": 1,
    "farm": 1,
    "field": null,
    "crop": null,
    "image": "pest_detection/2026/04/istockphoto-483451251-612x612_xrEjeJ4.jpg",
    "ai_diagnosis": "Pear Rust",
    "analysis_description": "",
    "confidence": "95.00",
    "severity": "medium",
    "affected_area_percentage": "40.00",
    "treatment_recommended": "Apply a fungicide containing myclobutanil or propiconazole according to the manufacturer's instructions. Treatments are most effective if applied at the first signs of the disease.",
    "prevention_tips": "Prune trees to improve airflow and remove nearby juniper plants that act as alternate hosts. Regularly inspect trees for early symptoms.",
    "organic_options": "Use sulfur-based treatments or neem oil as organic alternatives. Ensure good air circulation around trees to reduce moisture.",
    "agronomist_verified": false,
    "agronomist_notes": "",
    "verified_by": null,
    "status": "pending",
    "created_at": "2026-04-04T23:12:46.475Z",
    "updated_at": "2026-04-04T23:12:46.475Z"
  }
},
{
  "model": "core.pestreport",
  "pk": 3,
  "fields": {
    "farmer": 1,
    "farm": 1,
    "field": null,
    "crop": null,
    "image": "pest_detection/2026/04/colorado-potato-beetle-larvae-infesting-260nw-2501934255.webp",
    "ai_diagnosis": "Colorado Potato Beetle",
    "analysis_description": "",
    "confidence": "90.00",
    "severity": "medium",
    "affected_area_percentage": "30.00",
    "treatment_recommended": "Apply insecticides such as spinosad or imidacloprid according to the manufacturer's instructions, targeting early stages of the beetles' lifecycle for best results.",
    "prevention_tips": "Rotate crops annually to prevent build-up of pests, and plant resistant varieties when possible. Use mulches to deter beetles from laying eggs on plants.",
    "organic_options": "Use neem oil or diatomaceous earth to deter the beetles, and introduce natural predators such as ladybugs or lacewings to control the pest population.",
    "agronomist_verified": false,
    "agronomist_notes": "",
    "verified_by": null,
    "status": "pending",
    "created_at": "2026-04-06T09:45:41.346Z",
    "updated_at": "2026-04-06T09:45:41.346Z"
  }
},
{
  "model": "core.pestreport",
  "pk": 4,
  "fields": {
    "farmer": 1,
    "farm": 1,
    "field": null,
    "crop": null,
    "image": "pest_detection/2026/04/gettyimages-1396936527-612x612.jpg",
    "ai_diagnosis": "Leaf Miners and Fungal Infection",
    "analysis_description": "",
    "confidence": "85.00",
    "severity": "medium",
    "affected_area_percentage": "40.00",
    "treatment_recommended": "Use an insecticide like Spinosad for leaf miners according to label instructions. For fungal infections, apply a fungicide, such as chlorothalonil, as per recommended dosages.",
    "prevention_tips": "Maintain proper plant spacing for air circulation, rotate crops annually, and regularly inspect plants to catch early signs of infestation.",
    "organic_options": "Introduce beneficial insects like parasitic wasps for controlling leaf miners. Use neem oil or a baking soda solution to manage fungal infections.",
    "agronomist_verified": false,
    "agronomist_notes": "",
    "verified_by": null,
    "status": "pending",
    "created_at": "2026-04-06T09:47:05.635Z",
    "updated_at": "2026-04-06T09:47:05.635Z"
  }
},
{
  "model": "core.pestreport",
  "pk": 5,
  "fields": {
    "farmer": 1,
    "farm": 1,
    "field": null,
    "crop": null,
    "image": "pest_detection/2026/04/colorado-potato-beetle-larvae-infesting-260nw-2501934255_v2jIW2s.webp",
    "ai_diagnosis": "Colorado Potato Beetle",
    "analysis_description": "",
    "confidence": "95.00",
    "severity": "high",
    "affected_area_percentage": "40.00",
    "treatment_recommended": "Chemical treatment options include products containing spinosad or imidacloprid. Follow label instructions for application rates and timing.",
    "prevention_tips": "Implement crop rotation and remove plant debris after harvesting to minimize overwintering sites. Consider using row covers early in the season to prevent beetle access.",
    "organic_options": "Use neem oil or insecticidal soaps as natural treatments. Introduce beneficial insects like ladybugs and ground beetles to the area.",
    "agronomist_verified": false,
    "agronomist_notes": "",
    "verified_by": null,
    "status": "pending",
    "created_at": "2026-04-07T10:55:59.902Z",
    "updated_at": "2026-04-07T10:55:59.902Z"
  }
},
{
  "model": "core.pestreport",
  "pk": 6,
  "fields": {
    "farmer": 1,
    "farm": 1,
    "field": null,
    "crop": null,
    "image": "pest_detection/2026/04/colorado-potato-beetle-larvae-infesting-260nw-2501934255_JyNxtMf.webp",
    "ai_diagnosis": "Colorado Potato Beetle",
    "analysis_description": "",
    "confidence": "95.00",
    "severity": "high",
    "affected_area_percentage": "60.00",
    "treatment_recommended": "Consider using insecticides such as Spinosad according to the product label instructions for effective management. Repeat applications may be necessary.",
    "prevention_tips": "Rotate crops yearly to deter beetle infestation. Implement trap crops to lure pests away from main crops.",
    "organic_options": "Use neem oil or insecticidal soap for larvae and adult management. Handpick beetles regularly and introduce beneficial insects like ladybugs.",
    "agronomist_verified": false,
    "agronomist_notes": "",
    "verified_by": null,
    "status": "pending",
    "created_at": "2026-04-07T10:56:01.548Z",
    "updated_at": "2026-04-07T10:56:01.548Z"
  }
},
{
  "model": "core.pestreport",
  "pk": 7,
  "fields": {
    "farmer": 1,
    "farm": 1,
    "field": null,
    "crop": null,
    "image": "pest_detection/2026/04/cabbage-damaged-by-diseases-pests-260nw-2604064123.webp",
    "ai_diagnosis": "Cabbage Worm",
    "analysis_description": "",
    "confidence": "85.00",
    "severity": "medium",
    "affected_area_percentage": "30.00",
    "treatment_recommended": "Use Bacillus thuringiensis (Bt) sprays, such as Dipel or Thuricide, following label instructions, as they are effective against caterpillars.",
    "prevention_tips": "Remove plant debris and rotate crops to disrupt the life cycle. Use floating row covers to prevent moths from laying eggs on the plants.",
    "organic_options": "Introduce natural predators like ladybugs and parasitic wasps. Use neem oil or a homemade solution of soap and water as a contact spray.",
    "agronomist_verified": false,
    "agronomist_notes": "",
    "verified_by": null,
    "status": "pending",
    "created_at": "2026-04-07T10:59:41.588Z",
    "updated_at": "2026-04-07T10:59:41.588Z"
  }
},
{
  "model": "core.pestreport",
  "pk": 8,
  "fields": {
    "farmer": 1,
    "farm": 1,
    "field": null,
    "crop": null,
    "image": "pest_detection/2026/04/cabbage-damaged-by-diseases-pests-260nw-2604064123_PsuINCX.webp",
    "ai_diagnosis": "API Error",
    "analysis_description": "",
    "confidence": "0.00",
    "severity": "low",
    "affected_area_percentage": "0.00",
    "treatment_recommended": "API Error: 401 Client Error: Unauthorized for url: https://api.together.xyz/v1/chat/completions",
    "prevention_tips": "",
    "organic_options": "",
    "agronomist_verified": false,
    "agronomist_notes": "",
    "verified_by": null,
    "status": "healthy",
    "created_at": "2026-04-09T06:09:30.271Z",
    "updated_at": "2026-04-09T06:09:30.272Z"
  }
},
{
  "model": "core.pestreport",
  "pk": 9,
  "fields": {
    "farmer": 1,
    "farm": 1,
    "field": null,
    "crop": null,
    "image": "pest_detection/2026/04/cabbage-damaged-by-diseases-pests-260nw-2604064123_wzjQiIr.webp",
    "ai_diagnosis": "API Error",
    "analysis_description": "",
    "confidence": "0.00",
    "severity": "low",
    "affected_area_percentage": "0.00",
    "treatment_recommended": "API Error: 401 Client Error: Unauthorized for url: https://api.together.xyz/v1/chat/completions",
    "prevention_tips": "",
    "organic_options": "",
    "agronomist_verified": false,
    "agronomist_notes": "",
    "verified_by": null,
    "status": "healthy",
    "created_at": "2026-04-09T06:10:01.389Z",
    "updated_at": "2026-04-09T06:10:01.390Z"
  }
},
{
  "model": "core.pestreport",
  "pk": 10,
  "fields": {
    "farmer": 1,
    "farm": 1,
    "field": null,
    "crop": null,
    "image": "pest_detection/2026/04/cabbage-damaged-by-diseases-pests-260nw-2604064123_h8WFXpm.webp",
    "ai_diagnosis": "API Error",
    "analysis_description": "",
    "confidence": "0.00",
    "severity": "low",
    "affected_area_percentage": "0.00",
    "treatment_recommended": "API Error: 401 Client Error: Unauthorized for url: https://api.together.xyz/v1/chat/completions",
    "prevention_tips": "",
    "organic_options": "",
    "agronomist_verified": false,
    "agronomist_notes": "",
    "verified_by": null,
    "status": "healthy",
    "created_at": "2026-04-09T06:12:35.045Z",
    "updated_at": "2026-04-09T06:12:35.045Z"
  }
},
{
  "model": "core.pestreport",
  "pk": 11,
  "fields": {
    "farmer": 1,
    "farm": 1,
    "field": null,
    "crop": null,
    "image": "pest_detection/2026/04/colorado-potato-beetle-larvae-infesting-260nw-2501934255_FvSchVJ.webp",
    "ai_diagnosis": "API Error",
    "analysis_description": "",
    "confidence": "0.00",
    "severity": "low",
    "affected_area_percentage": "0.00",
    "treatment_recommended": "API Error: 401 Client Error: Unauthorized for url: https://api.together.xyz/v1/chat/completions",
    "prevention_tips": "",
    "organic_options": "",
    "agronomist_verified": false,
    "agronomist_notes": "",
    "verified_by": null,
    "status": "healthy",
    "created_at": "2026-04-09T06:13:58.988Z",
    "updated_at": "2026-04-09T06:13:58.988Z"
  }
},
{
  "model": "core.pestreport",
  "pk": 12,
  "fields": {
    "farmer": 1,
    "farm": 1,
    "field": null,
    "crop": null,
    "image": "pest_detection/2026/04/images_1.jpg",
    "ai_diagnosis": "API Error",
    "analysis_description": "",
    "confidence": "0.00",
    "severity": "low",
    "affected_area_percentage": "0.00",
    "treatment_recommended": "API Error: 402",
    "prevention_tips": "",
    "organic_options": "",
    "agronomist_verified": false,
    "agronomist_notes": "",
    "verified_by": null,
    "status": "healthy",
    "created_at": "2026-04-09T06:20:34.449Z",
    "updated_at": "2026-04-09T06:20:34.449Z"
  }
},
{
  "model": "core.pestreport",
  "pk": 13,
  "fields": {
    "farmer": 1,
    "farm": 1,
    "field": null,
    "crop": null,
    "image": "pest_detection/2026/04/colorado-potato-beetle-larvae-infesting-260nw-2501934255_XkhwpHC.webp",
    "ai_diagnosis": "Error",
    "analysis_description": "",
    "confidence": "0.00",
    "severity": "low",
    "affected_area_percentage": "0.00",
    "treatment_recommended": "Error: No module named 'groq'",
    "prevention_tips": "",
    "organic_options": "",
    "agronomist_verified": false,
    "agronomist_notes": "",
    "verified_by": null,
    "status": "healthy",
    "created_at": "2026-04-09T06:35:49.728Z",
    "updated_at": "2026-04-09T06:35:49.728Z"
  }
},
{
  "model": "core.pestreport",
  "pk": 14,
  "fields": {
    "farmer": 1,
    "farm": 1,
    "field": null,
    "crop": null,
    "image": "pest_detection/2026/04/colorado-potato-beetle-larvae-infesting-260nw-2501934255_zva1Vq8.webp",
    "ai_diagnosis": "Error",
    "analysis_description": "",
    "confidence": "0.00",
    "severity": "low",
    "affected_area_percentage": "0.00",
    "treatment_recommended": "Error: Error code: 400 - {'error': {'message': 'The model `mixtral-8x7b-32768` has been decommissioned and is no longer supported. Please refer to https://console.groq.com/docs/deprecations for a recommendation on which model to use instead.', 'type': 'invalid_request_error', 'code': 'model_decommissioned'}}",
    "prevention_tips": "",
    "organic_options": "",
    "agronomist_verified": false,
    "agronomist_notes": "",
    "verified_by": null,
    "status": "healthy",
    "created_at": "2026-04-09T06:37:39.099Z",
    "updated_at": "2026-04-09T06:37:39.099Z"
  }
},
{
  "model": "core.pestreport",
  "pk": 15,
  "fields": {
    "farmer": 1,
    "farm": 1,
    "field": null,
    "crop": null,
    "image": "pest_detection/2026/04/gettyimages-1396936527-612x612_s1kk5qy.jpg",
    "ai_diagnosis": "Error",
    "analysis_description": "",
    "confidence": "0.00",
    "severity": "low",
    "affected_area_percentage": "0.00",
    "treatment_recommended": "Error: Error code: 400 - {'error': {'message': 'The model `mixtral-8x7b-32768` has been decommissioned and is no longer supported. Please refer to https://console.groq.com/docs/deprecations for a recommendation on which model to use instead.', 'type': 'invalid_request_error', 'code': 'model_decommissioned'}}",
    "prevention_tips": "",
    "organic_options": "",
    "agronomist_verified": false,
    "agronomist_notes": "",
    "verified_by": null,
    "status": "healthy",
    "created_at": "2026-04-09T06:37:58.125Z",
    "updated_at": "2026-04-09T06:37:58.125Z"
  }
},
{
  "model": "core.pestreport",
  "pk": 16,
  "fields": {
    "farmer": 1,
    "farm": 1,
    "field": null,
    "crop": null,
    "image": "pest_detection/2026/04/gettyimages-1396936527-612x612_3ONQOJ6.jpg",
    "ai_diagnosis": "Whitefly infestation with Tomato spotted wilt virus (TSWV)",
    "analysis_description": "",
    "confidence": "85.00",
    "severity": "medium",
    "affected_area_percentage": "40.00",
    "treatment_recommended": "Apply a pyrethrin-based insecticide to control the whitefly population. Remove any infested plants or debris from the area. Use a systemic insecticide, such as neonicotinoids, to control the TSWV virus. Consider using a viral resistance management strategy to reduce the spread of the disease.",
    "prevention_tips": "Use crop rotation, sanitation, and biological control methods to prevent whitefly infestations. Use viral-resistant crop varieties to prevent TSWV infection. Implement integrated pest management (IPM) strategies to minimize the use of chemical pesticides.",
    "organic_options": "Use neem oil or insecticidal soap to control the whitefly population. Use a garlic-based spray to control the TSWV virus. Remove any infested plants or debris from the area. Consider using a viral resistance management strategy to reduce the spread of the disease.",
    "agronomist_verified": false,
    "agronomist_notes": "",
    "verified_by": null,
    "status": "pending",
    "created_at": "2026-04-09T06:39:53.605Z",
    "updated_at": "2026-04-09T06:39:53.605Z"
  }
},
{
  "model": "core.pestreport",
  "pk": 17,
  "fields": {
    "farmer": 1,
    "farm": 1,
    "field": null,
    "crop": null,
    "image": "pest_detection/2026/04/colorado-potato-beetle-larvae-infesting-260nw-2501934255_IrHwfi8.webp",
    "ai_diagnosis": "Unable to analyze automatically",
    "analysis_description": "",
    "confidence": "0.00",
    "severity": "unknown",
    "affected_area_percentage": "0.00",
    "treatment_recommended": "Please consult a local agronomist or agricultural extension officer with a clear photo",
    "prevention_tips": "Take clear photos of: affected leaves, whole plant, and any visible insects",
    "organic_options": "Contact local agricultural extension for recommendations",
    "agronomist_verified": false,
    "agronomist_notes": "",
    "verified_by": null,
    "status": "healthy",
    "created_at": "2026-04-10T09:37:58.182Z",
    "updated_at": "2026-04-10T09:37:58.183Z"
  }
},
{
  "model": "core.pestreport",
  "pk": 18,
  "fields": {
    "farmer": 1,
    "farm": 1,
    "field": null,
    "crop": null,
    "image": "pest_detection/2026/04/images_1_7cD1xpe.jpg",
    "ai_diagnosis": "Unable to analyze automatically",
    "analysis_description": "AI detection not available. Please describe symptoms or consult local expert.",
    "confidence": "0.00",
    "severity": "unknown",
    "affected_area_percentage": "0.00",
    "treatment_recommended": "Please consult a local agronomist or agricultural extension officer with a clear photo",
    "prevention_tips": "Take clear photos of: affected leaves, whole plant, and any visible insects",
    "organic_options": "Contact local agricultural extension for recommendations",
    "agronomist_verified": false,
    "agronomist_notes": "",
    "verified_by": null,
    "status": "healthy",
    "created_at": "2026-04-10T09:51:10.027Z",
    "updated_at": "2026-04-10T09:51:10.027Z"
  }
},
{
  "model": "core.pestreport",
  "pk": 19,
  "fields": {
    "farmer": 1,
    "farm": 1,
    "field": null,
    "crop": null,
    "image": "pest_detection/2026/04/images_1_SUmzwqX.jpg",
    "ai_diagnosis": "Unable to analyze automatically",
    "analysis_description": "404 models/gemini-1.5-flash is not found for API version v1beta, or is not supported for generateContent. Call ListModels to see the list of available models and their supported methods.",
    "confidence": "0.00",
    "severity": "unknown",
    "affected_area_percentage": "0.00",
    "treatment_recommended": "Please consult a local agronomist or agricultural extension officer with a clear photo",
    "prevention_tips": "Take clear photos of: affected leaves, whole plant, and any visible insects",
    "organic_options": "Contact local agricultural extension for recommendations",
    "agronomist_verified": false,
    "agronomist_notes": "",
    "verified_by": null,
    "status": "healthy",
    "created_at": "2026-04-10T10:03:48.445Z",
    "updated_at": "2026-04-10T10:03:48.445Z"
  }
},
{
  "model": "core.pestreport",
  "pk": 20,
  "fields": {
    "farmer": 1,
    "farm": 1,
    "field": null,
    "crop": null,
    "image": "pest_detection/2026/04/images.jpg",
    "ai_diagnosis": "Unable to analyze automatically",
    "analysis_description": "404 models/gemini-1.5-flash is not found for API version v1beta, or is not supported for generateContent. Call ListModels to see the list of available models and their supported methods.",
    "confidence": "0.00",
    "severity": "unknown",
    "affected_area_percentage": "0.00",
    "treatment_recommended": "Please consult a local agronomist or agricultural extension officer with a clear photo",
    "prevention_tips": "Take clear photos of: affected leaves, whole plant, and any visible insects",
    "organic_options": "Contact local agricultural extension for recommendations",
    "agronomist_verified": false,
    "agronomist_notes": "",
    "verified_by": null,
    "status": "healthy",
    "created_at": "2026-04-10T10:04:05.547Z",
    "updated_at": "2026-04-10T10:04:05.547Z"
  }
},
{
  "model": "core.pestreport",
  "pk": 21,
  "fields": {
    "farmer": 1,
    "farm": 1,
    "field": null,
    "crop": null,
    "image": "pest_detection/2026/04/images_1_yx83IZS.jpg",
    "ai_diagnosis": "Unable to analyze automatically",
    "analysis_description": "404 models/gemini-1.5-flash is not found for API version v1beta, or is not supported for generateContent. Call ListModels to see the list of available models and their supported methods.",
    "confidence": "0.00",
    "severity": "unknown",
    "affected_area_percentage": "0.00",
    "treatment_recommended": "Please consult a local agronomist or agricultural extension officer with a clear photo",
    "prevention_tips": "Take clear photos of: affected leaves, whole plant, and any visible insects",
    "organic_options": "Contact local agricultural extension for recommendations",
    "agronomist_verified": false,
    "agronomist_notes": "",
    "verified_by": null,
    "status": "healthy",
    "created_at": "2026-04-10T10:10:42.770Z",
    "updated_at": "2026-04-10T10:10:42.771Z"
  }
},
{
  "model": "core.pestreport",
  "pk": 22,
  "fields": {
    "farmer": 1,
    "farm": 1,
    "field": null,
    "crop": null,
    "image": "pest_detection/2026/04/images_1_E3L5po2.jpg",
    "ai_diagnosis": "Unable to analyze automatically",
    "analysis_description": "404 models/gemini-1.5-flash is not found for API version v1beta, or is not supported for generateContent. Call ListModels to see the list of available models and their supported methods.",
    "confidence": "0.00",
    "severity": "unknown",
    "affected_area_percentage": "0.00",
    "treatment_recommended": "Please consult a local agronomist or agricultural extension officer with a clear photo",
    "prevention_tips": "Take clear photos of: affected leaves, whole plant, and any visible insects",
    "organic_options": "Contact local agricultural extension for recommendations",
    "agronomist_verified": false,
    "agronomist_notes": "",
    "verified_by": null,
    "status": "healthy",
    "created_at": "2026-04-10T10:10:51.985Z",
    "updated_at": "2026-04-10T10:10:51.985Z"
  }
},
{
  "model": "core.pestreport",
  "pk": 23,
  "fields": {
    "farmer": 1,
    "farm": 1,
    "field": null,
    "crop": null,
    "image": "pest_detection/2026/04/cabbage-damaged-by-diseases-pests-260nw-2604064123_8pVeeIf.webp",
    "ai_diagnosis": "Unable to analyze automatically",
    "analysis_description": "Using offline analysis. Please provide clear photos showing: affected leaves, whole plant, and any visible insects",
    "confidence": "0.00",
    "severity": "unknown",
    "affected_area_percentage": "0.00",
    "treatment_recommended": "Please consult a local agronomist or agricultural extension officer with a clear photo",
    "prevention_tips": "Take clear photos of: affected leaves, whole plant, and any visible insects",
    "organic_options": "Contact local agricultural extension for recommendations",
    "agronomist_verified": false,
    "agronomist_notes": "",
    "verified_by": null,
    "status": "healthy",
    "created_at": "2026-04-10T10:44:03.300Z",
    "updated_at": "2026-04-10T10:44:03.300Z"
  }
},
{
  "model": "core.pestreport",
  "pk": 24,
  "fields": {
    "farmer": 1,
    "farm": 1,
    "field": null,
    "crop": null,
    "image": "pest_detection/2026/04/gettyimages-1396936527-612x612_cHdUFTH.jpg",
    "ai_diagnosis": "Unable to analyze automatically",
    "analysis_description": "Using offline analysis. Please provide clear photos showing: affected leaves, whole plant, and any visible insects",
    "confidence": "0.00",
    "severity": "unknown",
    "affected_area_percentage": "0.00",
    "treatment_recommended": "Please consult a local agronomist or agricultural extension officer with a clear photo",
    "prevention_tips": "Take clear photos of: affected leaves, whole plant, and any visible insects",
    "organic_options": "Contact local agricultural extension for recommendations",
    "agronomist_verified": false,
    "agronomist_notes": "",
    "verified_by": null,
    "status": "healthy",
    "created_at": "2026-04-10T10:44:50.213Z",
    "updated_at": "2026-04-10T10:44:50.213Z"
  }
},
{
  "model": "core.pestreport",
  "pk": 25,
  "fields": {
    "farmer": 1,
    "farm": 1,
    "field": null,
    "crop": null,
    "image": "pest_detection/2026/04/cabbage-damaged-by-diseases-pests-260nw-2604064123_FXq5TYv.webp",
    "ai_diagnosis": "Unable to analyze automatically",
    "analysis_description": "Using offline analysis. Please provide clear photos showing: affected leaves, whole plant, and any visible insects",
    "confidence": "0.00",
    "severity": "unknown",
    "affected_area_percentage": "0.00",
    "treatment_recommended": "Please consult a local agronomist or agricultural extension officer with a clear photo",
    "prevention_tips": "Take clear photos of: affected leaves, whole plant, and any visible insects",
    "organic_options": "Contact local agricultural extension for recommendations",
    "agronomist_verified": false,
    "agronomist_notes": "",
    "verified_by": null,
    "status": "healthy",
    "created_at": "2026-04-10T10:56:16.778Z",
    "updated_at": "2026-04-10T10:56:16.778Z"
  }
},
{
  "model": "core.pestreport",
  "pk": 26,
  "fields": {
    "farmer": 1,
    "farm": 1,
    "field": null,
    "crop": null,
    "image": "pest_detection/2026/04/images_1LXfwM7.jpg",
    "ai_diagnosis": "Potassium Deficiency",
    "analysis_description": "The crop leaves exhibit widespread yellowing (chlorosis) and severe browning (necrosis), particularly at the tips and margins, giving a scorched appearance. This pattern, affecting multiple leaves, is highly indicative of a severe nutrient imbalance, specifically a lack of potassium.",
    "confidence": "90.00",
    "severity": "medium",
    "affected_area_percentage": "0.00",
    "treatment_recommended": "Conduct a soil test to confirm potassium levels. Apply potassium-rich fertilizers like Muriate of Potash (KCl) or Sulphate of Potash (K2SO4) directly to the soil. For quicker relief, consider foliar sprays with potassium nitrate or potassium chloride solutions, ensuring proper dilution to avoid leaf burn. Ensure consistent and adequate watering, as drought stress can exacerbate symptoms and hinder nutrient uptake.",
    "prevention_tips": "Implement regular soil testing every 2-3 years to monitor nutrient status and guide fertilization. Develop a balanced fertilizer program based on crop needs and soil analysis results. Incorporate organic matter such as compost or well-rotted farmyard manure to improve soil structure and nutrient retention. Practice crop rotation to maintain soil health and nutrient balance. Ensure consistent soil moisture through mulching or appropriate irrigation practices.",
    "organic_options": "Apply wood ash (a good source of potassium, but use sparingly as it raises soil pH) to the soil. Incorporate generous amounts of mature compost and well-rotted farmyard manure. Use green manure crops (e.g., Tithonia diversifolia, comfrey) and incorporate them into the soil. Consider applying biochar to improve soil cation exchange capacity and nutrient availability.",
    "agronomist_verified": true,
    "agronomist_notes": "that a good assessiment",
    "verified_by": 5,
    "status": "approved",
    "created_at": "2026-04-10T11:45:30.202Z",
    "updated_at": "2026-04-10T13:05:32.523Z"
  }
},
{
  "model": "core.pestreport",
  "pk": 27,
  "fields": {
    "farmer": 5,
    "farm": 3,
    "field": null,
    "crop": null,
    "image": "pest_detection/2026/04/colorado-potato-beetle-larvae-infesting-260nw-2501934255_pLH6KHr.webp",
    "ai_diagnosis": "Unable to analyze automatically",
    "analysis_description": "Using offline analysis. Please provide clear photos showing: affected leaves, whole plant, and any visible insects",
    "confidence": "0.00",
    "severity": "unknown",
    "affected_area_percentage": "0.00",
    "treatment_recommended": "Please consult a local agronomist or agricultural extension officer with a clear photo",
    "prevention_tips": "Take clear photos of: affected leaves, whole plant, and any visible insects",
    "organic_options": "Contact local agricultural extension for recommendations",
    "agronomist_verified": false,
    "agronomist_notes": "",
    "verified_by": null,
    "status": "healthy",
    "created_at": "2026-04-10T12:20:44.868Z",
    "updated_at": "2026-04-10T12:20:44.869Z"
  }
},
{
  "model": "core.pestreport",
  "pk": 28,
  "fields": {
    "farmer": 5,
    "farm": 3,
    "field": null,
    "crop": null,
    "image": "pest_detection/2026/04/images_1_oH6yr2O.jpg",
    "ai_diagnosis": "Unable to analyze automatically",
    "analysis_description": "Using offline analysis. Please provide clear photos showing: affected leaves, whole plant, and any visible insects",
    "confidence": "0.00",
    "severity": "unknown",
    "affected_area_percentage": "0.00",
    "treatment_recommended": "Please consult a local agronomist or agricultural extension officer with a clear photo",
    "prevention_tips": "Take clear photos of: affected leaves, whole plant, and any visible insects",
    "organic_options": "Contact local agricultural extension for recommendations",
    "agronomist_verified": false,
    "agronomist_notes": "",
    "verified_by": null,
    "status": "healthy",
    "created_at": "2026-04-10T12:21:58.447Z",
    "updated_at": "2026-04-10T12:21:58.447Z"
  }
},
{
  "model": "core.pestreport",
  "pk": 29,
  "fields": {
    "farmer": 1,
    "farm": 1,
    "field": null,
    "crop": null,
    "image": "pest_detection/2026/04/download.jpg",
    "ai_diagnosis": "Healthy Crop",
    "analysis_description": "The maize plants in the image exhibit vigorous growth, characterized by deep green leaves and well-developed cobs with bright, healthy yellow kernels. There are no visible signs of pests, disease lesions, or nutrient deficiency symptoms on the foliage or cobs.",
    "confidence": "100.00",
    "severity": "none",
    "affected_area_percentage": "0.00",
    "treatment_recommended": "No immediate treatment is required as the crop appears healthy and free from visible issues.",
    "prevention_tips": "Maintain good agricultural practices such as regular field scouting, proper soil fertility management based on soil tests, appropriate planting density, and timely irrigation to sustain crop health and prevent future issues. Consider resistant varieties for common local threats.",
    "organic_options": "Continue focusing on soil health through compost and organic matter, crop rotation to break pest cycles, and promoting beneficial insects. Regular monitoring for early detection remains key for organic management.",
    "agronomist_verified": false,
    "agronomist_notes": "",
    "verified_by": null,
    "status": "healthy",
    "created_at": "2026-04-12T20:46:34.658Z",
    "updated_at": "2026-04-12T20:46:34.658Z"
  }
},
{
  "model": "core.pestreport",
  "pk": 30,
  "fields": {
    "farmer": 1,
    "farm": 1,
    "field": null,
    "crop": null,
    "image": "pest_detection/2026/06/cabbage-damaged-by-diseases-pests-260nw-2604064123.webp",
    "ai_diagnosis": "Caterpillar damage (e.g., Diamondback Moth, Cabbage Looper)",
    "analysis_description": "The cabbage plant shows extensive feeding damage with numerous irregular holes and chewed margins on both outer and inner wrapper leaves. This type of damage is characteristic of chewing insects, most commonly caterpillars, which can significantly reduce yield and marketability.",
    "confidence": "98.00",
    "severity": "high",
    "affected_area_percentage": "0.00",
    "treatment_recommended": "For severe infestations, consider targeted insecticides like Lambda-cyhalothrin or Cypermethrin, applied according to label instructions, especially early in the morning or late evening. For smaller plots, regular inspection and hand-picking of caterpillars can be effective. Ensure good field sanitation to remove crop residues where pests can hide.",
    "prevention_tips": "Implement crop rotation with non-brassica crops to break pest cycles. Use net covers or row covers during the vulnerable stages of growth to physically exclude pests. Regularly monitor crops for early signs of pest activity to intervene before damage becomes widespread.",
    "organic_options": "Hand-picking caterpillars and their eggs daily. Apply biological pesticides containing Bacillus thuringiensis (Bt) kurstaki, which is specific to caterpillars and safe for beneficial insects. Neem oil sprays can act as an antifeedant and growth regulator. Intercropping with repellent plants like marigolds or strong-smelling herbs can also deter pests.",
    "agronomist_verified": false,
    "agronomist_notes": "",
    "verified_by": null,
    "status": "pending",
    "created_at": "2026-06-16T13:30:32.750Z",
    "updated_at": "2026-06-16T13:30:32.750Z"
  }
},
{
  "model": "core.pestreport",
  "pk": 31,
  "fields": {
    "farmer": 1,
    "farm": 1,
    "field": null,
    "crop": null,
    "image": "pest_detection/2026/06/colorado-potato-beetle-larvae-infesting-260nw-2501934255.webp",
    "ai_diagnosis": "Colorado Potato Beetle (Leptinotarsa decemlineata) larvae",
    "analysis_description": "The image clearly shows a potato plant heavily infested with Colorado Potato Beetle larvae. Multiple orange-red, grub-like larvae with distinct black spots are visible, actively feeding on the leaves. The leaves exhibit extensive defoliation, with numerous holes and ragged edges, indicating severe feeding damage that will significantly impact plant health and tuber yield.",
    "confidence": "100.00",
    "severity": "high",
    "affected_area_percentage": "0.00",
    "treatment_recommended": "For small farms, immediate handpicking of larvae and adult beetles into a bucket of soapy water is highly recommended and effective. For larger infestations, chemical control may be necessary. Locally available insecticides like pyrethroids (e.g., Lambda-cyhalothrin) or neonicotinoids (e.g., Imidacloprid) can be used, ensuring to follow manufacturer instructions and local regulations. Rotate active ingredients to prevent pesticide resistance.",
    "prevention_tips": "Implement strict crop rotation, avoiding planting potatoes or other susceptible solanaceous crops (tomatoes, eggplant) in the same field for at least 2-3 years. Regularly scout fields for early detection of eggs and larvae. Remove and destroy volunteer potato plants. Consider planting early-maturing potato varieties to escape peak beetle populations. Deep ploughing after harvest can expose overwintering adults to adverse conditions.",
    "organic_options": "The most practical organic option is consistent manual handpicking of larvae and adult beetles. Biological insecticides containing Bacillus thuringiensis subspecies tenebrionis (Bt-t) are effective against young larvae and are safe for beneficial insects. Neem oil can be sprayed as a repellent and antifeedant. Encourage natural predators like ground beetles and predatory stink bugs, though their impact on severe infestations may be limited.",
    "agronomist_verified": false,
    "agronomist_notes": "",
    "verified_by": null,
    "status": "pending",
    "created_at": "2026-06-16T13:32:37.817Z",
    "updated_at": "2026-06-16T13:32:37.817Z"
  }
},
{
  "model": "core.weatherdata",
  "pk": 1,
  "fields": {
    "farm": 1,
    "temperature": 12.7,
    "feels_like": 12.7,
    "humidity": 68,
    "pressure": 1013,
    "wind_speed": 12.5,
    "wind_direction": null,
    "cloudiness": 68,
    "condition": "Partly Cloudy",
    "description": "Partly cloudy conditions",
    "icon": "cloud",
    "forecast_data": {
      "forecast": [
        {
          "date": "2026-06-16",
          "humidity": null,
          "temp_low": 9.0,
          "condition": "Partly Cloudy",
          "temp_high": 21.0,
          "wind_speed": 12.5,
          "description": "Partly cloudy conditions"
        },
        {
          "date": "2026-06-17",
          "humidity": null,
          "temp_low": 10.4,
          "condition": "Partly Cloudy",
          "temp_high": 21.4,
          "wind_speed": 11.2,
          "description": "Partly cloudy conditions"
        },
        {
          "date": "2026-06-18",
          "humidity": null,
          "temp_low": 10.7,
          "condition": "Partly Cloudy",
          "temp_high": 21.1,
          "wind_speed": 12.0,
          "description": "Partly cloudy conditions"
        },
        {
          "date": "2026-06-19",
          "humidity": null,
          "temp_low": 9.9,
          "condition": "Partly Cloudy",
          "temp_high": 21.6,
          "wind_speed": 12.3,
          "description": "Partly cloudy conditions"
        },
        {
          "date": "2026-06-20",
          "humidity": null,
          "temp_low": 10.8,
          "condition": "Partly Cloudy",
          "temp_high": 21.7,
          "wind_speed": 15.4,
          "description": "Partly cloudy conditions"
        }
      ]
    },
    "location": "-17.864465977524123,31.035449977498505",
    "last_updated": "2026-06-16T13:39:11.043Z"
  }
},
{
  "model": "core.weatherdata",
  "pk": 2,
  "fields": {
    "farm": 2,
    "temperature": 12.7,
    "feels_like": 12.7,
    "humidity": 68,
    "pressure": 1013,
    "wind_speed": 12.5,
    "wind_direction": null,
    "cloudiness": 68,
    "condition": "Partly Cloudy",
    "description": "Partly cloudy conditions",
    "icon": "cloud",
    "forecast_data": {
      "forecast": [
        {
          "date": "2026-06-16",
          "humidity": null,
          "temp_low": 9.0,
          "condition": "Partly Cloudy",
          "temp_high": 21.0,
          "wind_speed": 12.5,
          "description": "Partly cloudy conditions"
        },
        {
          "date": "2026-06-17",
          "humidity": null,
          "temp_low": 10.4,
          "condition": "Partly Cloudy",
          "temp_high": 21.4,
          "wind_speed": 11.2,
          "description": "Partly cloudy conditions"
        },
        {
          "date": "2026-06-18",
          "humidity": null,
          "temp_low": 10.7,
          "condition": "Partly Cloudy",
          "temp_high": 21.1,
          "wind_speed": 12.0,
          "description": "Partly cloudy conditions"
        },
        {
          "date": "2026-06-19",
          "humidity": null,
          "temp_low": 9.9,
          "condition": "Partly Cloudy",
          "temp_high": 21.6,
          "wind_speed": 12.3,
          "description": "Partly cloudy conditions"
        },
        {
          "date": "2026-06-20",
          "humidity": null,
          "temp_low": 10.8,
          "condition": "Partly Cloudy",
          "temp_high": 21.7,
          "wind_speed": 15.4,
          "description": "Partly cloudy conditions"
        }
      ]
    },
    "location": "-17.864465977524123,31.035449977498505",
    "last_updated": "2026-06-16T13:39:21.234Z"
  }
},
{
  "model": "core.weatherdata",
  "pk": 3,
  "fields": {
    "farm": 4,
    "temperature": 13.6,
    "feels_like": 13.6,
    "humidity": 97,
    "pressure": 1013,
    "wind_speed": 15.3,
    "wind_direction": null,
    "cloudiness": 97,
    "condition": "Cloudy",
    "description": "Overcast with high humidity",
    "icon": "cloud",
    "forecast_data": {
      "forecast": [
        {
          "date": "2026-06-16",
          "humidity": null,
          "temp_low": 9.5,
          "condition": "Cloudy",
          "temp_high": 20.4,
          "wind_speed": 15.3,
          "description": "Overcast with high humidity"
        },
        {
          "date": "2026-06-17",
          "humidity": null,
          "temp_low": 10.4,
          "condition": "Cloudy",
          "temp_high": 20.6,
          "wind_speed": 14.8,
          "description": "Overcast with high humidity"
        },
        {
          "date": "2026-06-18",
          "humidity": null,
          "temp_low": 11.7,
          "condition": "Cloudy",
          "temp_high": 20.5,
          "wind_speed": 17.3,
          "description": "Overcast with high humidity"
        },
        {
          "date": "2026-06-19",
          "humidity": null,
          "temp_low": 10.8,
          "condition": "Cloudy",
          "temp_high": 19.6,
          "wind_speed": 16.2,
          "description": "Overcast with high humidity"
        },
        {
          "date": "2026-06-20",
          "humidity": null,
          "temp_low": 11.3,
          "condition": "Cloudy",
          "temp_high": 18.7,
          "wind_speed": 17.2,
          "description": "Overcast with high humidity"
        }
      ]
    },
    "location": "-18.974656,32.670473",
    "last_updated": "2026-06-16T13:39:31.185Z"
  }
},
{
  "model": "core.irrigationschedule",
  "pk": 1,
  "fields": {
    "field": 1,
    "scheduled_date": "2026-04-08",
    "duration_hours": "5.00",
    "water_volume_liters": "25000.00",
    "status": "completed",
    "actual_date": "2026-04-08",
    "actual_duration_hours": null,
    "notes": "no",
    "created_by": null,
    "created_at": "2026-04-08T08:40:07.008Z"
  }
},
{
  "model": "core.irrigationschedule",
  "pk": 2,
  "fields": {
    "field": 1,
    "scheduled_date": "2026-04-08",
    "duration_hours": "10.00",
    "water_volume_liters": "50000.00",
    "status": "scheduled",
    "actual_date": null,
    "actual_duration_hours": null,
    "notes": "hju",
    "created_by": null,
    "created_at": "2026-04-08T08:41:03.402Z"
  }
},
{
  "model": "core.insurancepolicy",
  "pk": 1,
  "fields": {
    "farmer": 1,
    "farm": 2,
    "policy_type": "crop",
    "policy_number": "INS-C613A357",
    "crop_type": "maize",
    "area_hectares": "123.00",
    "livestock_count": null,
    "sum_insured": "12.00",
    "premium_paid": "0.60",
    "start_date": "2026-04-07",
    "end_date": "2027-04-07",
    "status": "active",
    "provider": "CBZ",
    "policy_document": "",
    "created_at": "2026-04-07T12:55:15.794Z",
    "updated_at": "2026-04-07T12:55:15.794Z"
  }
},
{
  "model": "core.worker",
  "pk": 2,
  "fields": {
    "worker": 2,
    "farm": 1,
    "hourly_wage": "20.00",
    "skills": null,
    "hire_date": "2026-04-06",
    "is_active": true,
    "emergency_contact": "",
    "emergency_phone": "",
    "notes": "",
    "created_at": "2026-04-06T09:55:16.351Z",
    "updated_at": "2026-04-06T09:55:16.351Z"
  }
},
{
  "model": "core.worker",
  "pk": 3,
  "fields": {
    "worker": 4,
    "farm": 2,
    "hourly_wage": "5.00",
    "skills": null,
    "hire_date": "2026-04-07",
    "is_active": true,
    "emergency_contact": "",
    "emergency_phone": "",
    "notes": "",
    "created_at": "2026-04-07T13:41:16.992Z",
    "updated_at": "2026-04-07T13:41:16.992Z"
  }
},
{
  "model": "core.worker",
  "pk": 4,
  "fields": {
    "worker": 5,
    "farm": 1,
    "hourly_wage": "9.00",
    "skills": [],
    "hire_date": "2026-07-16",
    "is_active": true,
    "emergency_contact": "",
    "emergency_phone": "",
    "notes": "",
    "created_at": "2026-07-16T10:40:13.633Z",
    "updated_at": "2026-07-16T10:40:13.633Z"
  }
},
{
  "model": "core.workshift",
  "pk": 1,
  "fields": {
    "worker": 2,
    "field": null,
    "date": "2026-04-06",
    "task": "weeding",
    "hours_worked": "7.00",
    "overtime_hours": "0.00",
    "wage_rate": "20.00",
    "overtime_rate": "0.00",
    "total_pay": "140.00",
    "notes": "",
    "recorded_by": 1,
    "created_at": "2026-04-06T09:56:58.336Z"
  }
},
{
  "model": "core.workshift",
  "pk": 2,
  "fields": {
    "worker": 3,
    "field": 1,
    "date": "2026-04-07",
    "task": "feeding",
    "hours_worked": "7.00",
    "overtime_hours": "0.00",
    "wage_rate": "5.00",
    "overtime_rate": "0.00",
    "total_pay": "35.00",
    "notes": "",
    "recorded_by": 1,
    "created_at": "2026-04-07T13:51:09.770Z"
  }
},
{
  "model": "core.workshift",
  "pk": 3,
  "fields": {
    "worker": 3,
    "field": 1,
    "date": "2026-07-18",
    "task": "maintenance",
    "hours_worked": "8.00",
    "overtime_hours": "0.00",
    "wage_rate": "5.00",
    "overtime_rate": "7.50",
    "total_pay": "40.00",
    "notes": "nkj",
    "recorded_by": 1,
    "created_at": "2026-07-16T10:46:57.834Z"
  }
},
{
  "model": "core.workshift",
  "pk": 4,
  "fields": {
    "worker": 3,
    "field": 1,
    "date": "2026-07-16",
    "task": "maintenance",
    "hours_worked": "8.00",
    "overtime_hours": "0.00",
    "wage_rate": "5.00",
    "overtime_rate": "7.50",
    "total_pay": "40.00",
    "notes": "rhrk",
    "recorded_by": 1,
    "created_at": "2026-07-16T10:59:32.538Z"
  }
},
{
  "model": "core.payroll",
  "pk": 1,
  "fields": {
    "worker": 2,
    "period_start": "2026-07-01",
    "period_end": "2026-07-16",
    "total_hours": "0.00",
    "overtime_hours": "0.00",
    "total_pay": "0.00",
    "overtime_pay": "0.00",
    "deductions": "0.00",
    "deduction_breakdown": {},
    "net_pay": "0.00",
    "status": "pending",
    "payment_date": null,
    "payment_method": "",
    "transaction_id": "",
    "notes": "",
    "created_at": "2026-07-16T10:39:24.166Z",
    "updated_at": "2026-07-16T10:58:25.127Z"
  }
},
{
  "model": "core.payroll",
  "pk": 2,
  "fields": {
    "worker": 3,
    "period_start": "2026-07-01",
    "period_end": "2026-07-16",
    "total_hours": "8.00",
    "overtime_hours": "0.00",
    "total_pay": "40.00",
    "overtime_pay": "0.00",
    "deductions": "0.00",
    "deduction_breakdown": {},
    "net_pay": "40.00",
    "status": "pending",
    "payment_date": null,
    "payment_method": "",
    "transaction_id": "",
    "notes": "",
    "created_at": "2026-07-16T10:39:42.043Z",
    "updated_at": "2026-07-16T10:59:44.229Z"
  }
},
{
  "model": "core.payroll",
  "pk": 3,
  "fields": {
    "worker": 4,
    "period_start": "2026-07-01",
    "period_end": "2026-07-16",
    "total_hours": "0.00",
    "overtime_hours": "0.00",
    "total_pay": "0.00",
    "overtime_pay": "0.00",
    "deductions": "0.00",
    "deduction_breakdown": {},
    "net_pay": "0.00",
    "status": "pending",
    "payment_date": null,
    "payment_method": "",
    "transaction_id": "",
    "notes": "",
    "created_at": "2026-07-16T10:58:31.756Z",
    "updated_at": "2026-07-16T10:58:31.756Z"
  }
},
{
  "model": "core.notification",
  "pk": 1,
  "fields": {
    "user": 1,
    "notification_type": "success",
    "title": "Welcome to FarmWise!",
    "message": "Welcome ! Start by creating your first farm.",
    "link": "/farms/create/",
    "is_read": true,
    "sent_via_sms": false,
    "sent_via_email": false,
    "created_at": "2026-04-03T13:05:17.867Z"
  }
},
{
  "model": "core.notification",
  "pk": 2,
  "fields": {
    "user": 1,
    "notification_type": "success",
    "title": "Farm Created",
    "message": "Your farm \"fjkff\" has been created successfully!",
    "link": "/farms/1/",
    "is_read": true,
    "sent_via_sms": false,
    "sent_via_email": false,
    "created_at": "2026-04-03T14:03:36.812Z"
  }
},
{
  "model": "core.notification",
  "pk": 3,
  "fields": {
    "user": 1,
    "notification_type": "success",
    "title": "Farm Created",
    "message": "Your farm \"fjkff\" has been created successfully!",
    "link": "/farms/2/",
    "is_read": true,
    "sent_via_sms": false,
    "sent_via_email": false,
    "created_at": "2026-04-03T18:24:09.185Z"
  }
},
{
  "model": "core.notification",
  "pk": 4,
  "fields": {
    "user": 2,
    "notification_type": "success",
    "title": "Welcome to FarmWise!",
    "message": "Welcome ! Start by creating your first farm.",
    "link": "/farms/create/",
    "is_read": false,
    "sent_via_sms": false,
    "sent_via_email": false,
    "created_at": "2026-04-04T06:43:58.851Z"
  }
},
{
  "model": "core.notification",
  "pk": 5,
  "fields": {
    "user": 1,
    "notification_type": "alert",
    "title": "Pest Detected: Colorado Potato Beetle",
    "message": "A medium severity Colorado Potato Beetle was detected in your crop with 90% confidence.",
    "link": "/pest-detection/3/",
    "is_read": true,
    "sent_via_sms": false,
    "sent_via_email": false,
    "created_at": "2026-04-06T09:45:41.389Z"
  }
},
{
  "model": "core.notification",
  "pk": 6,
  "fields": {
    "user": 1,
    "notification_type": "alert",
    "title": "Pest Detected: Leaf Miners and Fungal Infection",
    "message": "A medium severity Leaf Miners and Fungal Infection was detected in your crop with 85% confidence.",
    "link": "/pest-detection/4/",
    "is_read": true,
    "sent_via_sms": false,
    "sent_via_email": false,
    "created_at": "2026-04-06T09:47:05.654Z"
  }
},
{
  "model": "core.notification",
  "pk": 7,
  "fields": {
    "user": 1,
    "notification_type": "alert",
    "title": "Pest Detected: Colorado Potato Beetle",
    "message": "A high severity Colorado Potato Beetle was detected in your crop with 95% confidence.",
    "link": "/pest-detection/5/",
    "is_read": true,
    "sent_via_sms": false,
    "sent_via_email": false,
    "created_at": "2026-04-07T10:55:59.955Z"
  }
},
{
  "model": "core.notification",
  "pk": 8,
  "fields": {
    "user": 1,
    "notification_type": "alert",
    "title": "Pest Detected: Colorado Potato Beetle",
    "message": "A high severity Colorado Potato Beetle was detected in your crop with 95% confidence.",
    "link": "/pest-detection/6/",
    "is_read": true,
    "sent_via_sms": false,
    "sent_via_email": false,
    "created_at": "2026-04-07T10:56:01.603Z"
  }
},
{
  "model": "core.notification",
  "pk": 9,
  "fields": {
    "user": 1,
    "notification_type": "alert",
    "title": "Pest Detected: Cabbage Worm",
    "message": "A medium severity Cabbage Worm was detected in your crop with 85% confidence.",
    "link": "/pest-detection/7/",
    "is_read": true,
    "sent_via_sms": false,
    "sent_via_email": false,
    "created_at": "2026-04-07T10:59:41.598Z"
  }
},
{
  "model": "core.notification",
  "pk": 10,
  "fields": {
    "user": 1,
    "notification_type": "success",
    "title": "Equipment Booked: computing Devices",
    "message": "You have successfully booked computing Devices from <bound method AbstractUser.get_full_name of <User: munashe (System Administrator)>>. Total cost: $520.00",
    "link": "/equipment/bookings/1/",
    "is_read": true,
    "sent_via_sms": false,
    "sent_via_email": false,
    "created_at": "2026-04-07T13:17:14.930Z"
  }
},
{
  "model": "core.notification",
  "pk": 11,
  "fields": {
    "user": 1,
    "notification_type": "info",
    "title": "Equipment Booked: computing Devices",
    "message": "<bound method AbstractUser.get_full_name of <User: munashe (System Administrator)>> has booked your computing Devices. Booking ID: 1",
    "link": "/equipment/1/",
    "is_read": true,
    "sent_via_sms": false,
    "sent_via_email": false,
    "created_at": "2026-04-07T13:17:14.936Z"
  }
},
{
  "model": "core.notification",
  "pk": 12,
  "fields": {
    "user": 4,
    "notification_type": "success",
    "title": "Welcome to FarmWise!",
    "message": "Welcome peter! Start by creating your first farm.",
    "link": "/farms/create/",
    "is_read": false,
    "sent_via_sms": false,
    "sent_via_email": false,
    "created_at": "2026-04-07T13:41:16.988Z"
  }
},
{
  "model": "core.notification",
  "pk": 13,
  "fields": {
    "user": 1,
    "notification_type": "info",
    "title": "Health Record Added",
    "message": "Health record added for 54554: Vaccination",
    "link": "/livestock/1/",
    "is_read": true,
    "sent_via_sms": false,
    "sent_via_email": false,
    "created_at": "2026-04-08T10:09:23.760Z"
  }
},
{
  "model": "core.notification",
  "pk": 14,
  "fields": {
    "user": 1,
    "notification_type": "reminder",
    "title": "Upcoming Treatment Due",
    "message": "54554 is due for Vaccination on 2026-06-08",
    "link": "/livestock/1/",
    "is_read": true,
    "sent_via_sms": false,
    "sent_via_email": false,
    "created_at": "2026-04-08T10:09:23.764Z"
  }
},
{
  "model": "core.notification",
  "pk": 15,
  "fields": {
    "user": 1,
    "notification_type": "success",
    "title": "Crop Analysis Complete",
    "message": "Your crop appears healthy with no major pest or disease detected.",
    "link": "/pest-detection/8/",
    "is_read": true,
    "sent_via_sms": false,
    "sent_via_email": false,
    "created_at": "2026-04-09T06:09:30.311Z"
  }
},
{
  "model": "core.notification",
  "pk": 16,
  "fields": {
    "user": 1,
    "notification_type": "success",
    "title": "Crop Analysis Complete",
    "message": "Your crop appears healthy with no major pest or disease detected.",
    "link": "/pest-detection/9/",
    "is_read": true,
    "sent_via_sms": false,
    "sent_via_email": false,
    "created_at": "2026-04-09T06:10:01.401Z"
  }
},
{
  "model": "core.notification",
  "pk": 17,
  "fields": {
    "user": 1,
    "notification_type": "success",
    "title": "Crop Analysis Complete",
    "message": "Your crop appears healthy with no major pest or disease detected.",
    "link": "/pest-detection/10/",
    "is_read": true,
    "sent_via_sms": false,
    "sent_via_email": false,
    "created_at": "2026-04-09T06:12:35.055Z"
  }
},
{
  "model": "core.notification",
  "pk": 18,
  "fields": {
    "user": 1,
    "notification_type": "success",
    "title": "Crop Analysis Complete",
    "message": "Your crop appears healthy with no major pest or disease detected.",
    "link": "/pest-detection/11/",
    "is_read": true,
    "sent_via_sms": false,
    "sent_via_email": false,
    "created_at": "2026-04-09T06:13:59.010Z"
  }
},
{
  "model": "core.notification",
  "pk": 19,
  "fields": {
    "user": 1,
    "notification_type": "success",
    "title": "Crop Analysis Complete",
    "message": "Your crop appears healthy with no major pest or disease detected.",
    "link": "/pest-detection/12/",
    "is_read": true,
    "sent_via_sms": false,
    "sent_via_email": false,
    "created_at": "2026-04-09T06:20:34.498Z"
  }
},
{
  "model": "core.notification",
  "pk": 20,
  "fields": {
    "user": 1,
    "notification_type": "success",
    "title": "Crop Analysis Complete",
    "message": "Your crop appears healthy with no major pest or disease detected.",
    "link": "/pest-detection/13/",
    "is_read": true,
    "sent_via_sms": false,
    "sent_via_email": false,
    "created_at": "2026-04-09T06:35:49.749Z"
  }
},
{
  "model": "core.notification",
  "pk": 21,
  "fields": {
    "user": 1,
    "notification_type": "success",
    "title": "Crop Analysis Complete",
    "message": "Your crop appears healthy with no major pest or disease detected.",
    "link": "/pest-detection/14/",
    "is_read": true,
    "sent_via_sms": false,
    "sent_via_email": false,
    "created_at": "2026-04-09T06:37:39.108Z"
  }
},
{
  "model": "core.notification",
  "pk": 22,
  "fields": {
    "user": 1,
    "notification_type": "success",
    "title": "Crop Analysis Complete",
    "message": "Your crop appears healthy with no major pest or disease detected.",
    "link": "/pest-detection/15/",
    "is_read": true,
    "sent_via_sms": false,
    "sent_via_email": false,
    "created_at": "2026-04-09T06:37:58.135Z"
  }
},
{
  "model": "core.notification",
  "pk": 23,
  "fields": {
    "user": 1,
    "notification_type": "alert",
    "title": "Pest Detected: Whitefly infestation with Tomato spotted wilt virus (TSWV)",
    "message": "A medium severity Whitefly infestation with Tomato spotted wilt virus (TSWV) was detected in your crop with 85% confidence.",
    "link": "/pest-detection/16/",
    "is_read": true,
    "sent_via_sms": false,
    "sent_via_email": false,
    "created_at": "2026-04-09T06:39:53.625Z"
  }
},
{
  "model": "core.notification",
  "pk": 24,
  "fields": {
    "user": 5,
    "notification_type": "success",
    "title": "Welcome to FarmWise!",
    "message": "Welcome ! Start by creating your first farm.",
    "link": "/farms/create/",
    "is_read": true,
    "sent_via_sms": false,
    "sent_via_email": false,
    "created_at": "2026-04-10T09:20:41.701Z"
  }
},
{
  "model": "core.notification",
  "pk": 25,
  "fields": {
    "user": 1,
    "notification_type": "success",
    "title": "Crop Analysis Complete",
    "message": "Your crop appears healthy with no major pest or disease detected.",
    "link": "/pest-detection/17/",
    "is_read": true,
    "sent_via_sms": false,
    "sent_via_email": false,
    "created_at": "2026-04-10T09:37:58.193Z"
  }
},
{
  "model": "core.notification",
  "pk": 26,
  "fields": {
    "user": 1,
    "notification_type": "success",
    "title": "Crop Analysis Complete",
    "message": "Your crop appears healthy with no major pest or disease detected.",
    "link": "/pest-detection/18/",
    "is_read": true,
    "sent_via_sms": false,
    "sent_via_email": false,
    "created_at": "2026-04-10T09:51:10.047Z"
  }
},
{
  "model": "core.notification",
  "pk": 27,
  "fields": {
    "user": 1,
    "notification_type": "success",
    "title": "Crop Analysis Complete",
    "message": "Your crop appears healthy with no major pest or disease detected.",
    "link": "/pest-detection/19/",
    "is_read": true,
    "sent_via_sms": false,
    "sent_via_email": false,
    "created_at": "2026-04-10T10:03:48.465Z"
  }
},
{
  "model": "core.notification",
  "pk": 28,
  "fields": {
    "user": 1,
    "notification_type": "success",
    "title": "Crop Analysis Complete",
    "message": "Your crop appears healthy with no major pest or disease detected.",
    "link": "/pest-detection/20/",
    "is_read": true,
    "sent_via_sms": false,
    "sent_via_email": false,
    "created_at": "2026-04-10T10:04:05.566Z"
  }
},
{
  "model": "core.notification",
  "pk": 29,
  "fields": {
    "user": 1,
    "notification_type": "success",
    "title": "Crop Analysis Complete",
    "message": "Your crop appears healthy with no major pest or disease detected.",
    "link": "/pest-detection/21/",
    "is_read": true,
    "sent_via_sms": false,
    "sent_via_email": false,
    "created_at": "2026-04-10T10:10:42.792Z"
  }
},
{
  "model": "core.notification",
  "pk": 30,
  "fields": {
    "user": 1,
    "notification_type": "success",
    "title": "Crop Analysis Complete",
    "message": "Your crop appears healthy with no major pest or disease detected.",
    "link": "/pest-detection/22/",
    "is_read": true,
    "sent_via_sms": false,
    "sent_via_email": false,
    "created_at": "2026-04-10T10:10:52.004Z"
  }
},
{
  "model": "core.notification",
  "pk": 31,
  "fields": {
    "user": 1,
    "notification_type": "success",
    "title": "Crop Analysis Complete",
    "message": "Your crop appears healthy with no major pest or disease detected.",
    "link": "/pest-detection/23/",
    "is_read": true,
    "sent_via_sms": false,
    "sent_via_email": false,
    "created_at": "2026-04-10T10:44:03.320Z"
  }
},
{
  "model": "core.notification",
  "pk": 32,
  "fields": {
    "user": 1,
    "notification_type": "success",
    "title": "Crop Analysis Complete",
    "message": "Your crop appears healthy with no major pest or disease detected.",
    "link": "/pest-detection/24/",
    "is_read": true,
    "sent_via_sms": false,
    "sent_via_email": false,
    "created_at": "2026-04-10T10:44:50.220Z"
  }
},
{
  "model": "core.notification",
  "pk": 33,
  "fields": {
    "user": 1,
    "notification_type": "success",
    "title": "Crop Analysis Complete",
    "message": "Your crop appears healthy with no major pest or disease detected.",
    "link": "/pest-detection/25/",
    "is_read": true,
    "sent_via_sms": false,
    "sent_via_email": false,
    "created_at": "2026-04-10T10:56:16.787Z"
  }
},
{
  "model": "core.notification",
  "pk": 34,
  "fields": {
    "user": 5,
    "notification_type": "alert",
    "title": "High Severity Pest Alert",
    "message": "Potassium Deficiency detected on fjkff with 90% confidence",
    "link": "/pest-detection/26/",
    "is_read": true,
    "sent_via_sms": false,
    "sent_via_email": false,
    "created_at": "2026-04-10T11:45:30.215Z"
  }
},
{
  "model": "core.notification",
  "pk": 35,
  "fields": {
    "user": 1,
    "notification_type": "alert",
    "title": "Pest Detected: Potassium Deficiency",
    "message": "A severe severity Potassium Deficiency was detected in your crop with 90% confidence. An agronomist will review this soon.",
    "link": "/pest-detection/26/",
    "is_read": true,
    "sent_via_sms": false,
    "sent_via_email": false,
    "created_at": "2026-04-10T11:45:30.218Z"
  }
},
{
  "model": "core.notification",
  "pk": 36,
  "fields": {
    "user": 5,
    "notification_type": "success",
    "title": "Farm Created",
    "message": "Your farm \"My Farm\" has been created successfully!",
    "link": "/farms/3/",
    "is_read": false,
    "sent_via_sms": false,
    "sent_via_email": false,
    "created_at": "2026-04-10T12:20:12.821Z"
  }
},
{
  "model": "core.notification",
  "pk": 37,
  "fields": {
    "user": 5,
    "notification_type": "success",
    "title": "Crop Analysis Complete",
    "message": "Your crop appears healthy with no major pest or disease detected.",
    "link": "/pest-detection/27/",
    "is_read": false,
    "sent_via_sms": false,
    "sent_via_email": false,
    "created_at": "2026-04-10T12:20:44.873Z"
  }
},
{
  "model": "core.notification",
  "pk": 38,
  "fields": {
    "user": 5,
    "notification_type": "success",
    "title": "Crop Analysis Complete",
    "message": "Your crop appears healthy with no major pest or disease detected.",
    "link": "/pest-detection/28/",
    "is_read": false,
    "sent_via_sms": false,
    "sent_via_email": false,
    "created_at": "2026-04-10T12:21:58.456Z"
  }
},
{
  "model": "core.notification",
  "pk": 39,
  "fields": {
    "user": 7,
    "notification_type": "success",
    "title": "Welcome to FarmWise!",
    "message": "Welcome Demo Agronomist! Start by creating your first farm.",
    "link": "/farms/create/",
    "is_read": false,
    "sent_via_sms": false,
    "sent_via_email": false,
    "created_at": "2026-04-10T12:31:20.762Z"
  }
},
{
  "model": "core.notification",
  "pk": 40,
  "fields": {
    "user": 1,
    "notification_type": "success",
    "title": "âś“ Pest Report Approved - Potassium Deficiency",
    "message": "Your pest detection report for fjkff has been APPROVED by agronomist .\n\nDiagnosis: Potassium Deficiency\nSeverity: Medium\nConfidence: 90.00%\n\nProfessional Assessment: that a good assessiment\n\nRecommended Treatment: Conduct a soil test to confirm potassium levels. Apply potassium-rich fertilizers like Muriate of Potash (KCl) or Sulphate of Potash (K2SO4) directly to the soil. For quicker relief, consider foliar sprays with potassium nitrate or potassium chloride solutions, ensuring proper dilution to avoid leaf burn. Ensure consistent and adequate watering, as drought stress can exacerbate symptoms and hinder nutrient uptake.",
    "link": "/pest-detection/26/",
    "is_read": true,
    "sent_via_sms": false,
    "sent_via_email": false,
    "created_at": "2026-04-10T13:05:32.534Z"
  }
},
{
  "model": "core.notification",
  "pk": 41,
  "fields": {
    "user": 1,
    "notification_type": "reminder",
    "title": "đźŚ± Time to Plant Maize",
    "message": "Maize in north is ready to be planted on 2026-04-12!",
    "link": "/crops/2/",
    "is_read": true,
    "sent_via_sms": false,
    "sent_via_email": false,
    "created_at": "2026-04-11T11:11:19.031Z"
  }
},
{
  "model": "core.notification",
  "pk": 42,
  "fields": {
    "user": 1,
    "notification_type": "warning",
    "title": "Out of Stock: maize",
    "message": "Your product \"maize\" is now out of stock.",
    "link": "/marketplace/",
    "is_read": true,
    "sent_via_sms": false,
    "sent_via_email": false,
    "created_at": "2026-04-12T19:03:59.500Z"
  }
},
{
  "model": "core.notification",
  "pk": 43,
  "fields": {
    "user": 1,
    "notification_type": "success",
    "title": "Back in Stock: maize",
    "message": "Product \"maize\" is now live on the marketplace!",
    "link": "/marketplace/2/",
    "is_read": true,
    "sent_via_sms": false,
    "sent_via_email": false,
    "created_at": "2026-04-12T19:08:51.322Z"
  }
},
{
  "model": "core.notification",
  "pk": 44,
  "fields": {
    "user": 1,
    "notification_type": "warning",
    "title": "Out of Stock: maize",
    "message": "Product \"maize\" has been marked as out of stock and is no longer visible to buyers.",
    "link": "/marketplace/2/",
    "is_read": true,
    "sent_via_sms": false,
    "sent_via_email": false,
    "created_at": "2026-04-12T19:09:07.282Z"
  }
},
{
  "model": "core.notification",
  "pk": 45,
  "fields": {
    "user": 1,
    "notification_type": "success",
    "title": "Crop Analysis Complete",
    "message": "Your crop appears healthy with no major pest or disease detected.",
    "link": "/pest-detection/29/",
    "is_read": true,
    "sent_via_sms": false,
    "sent_via_email": false,
    "created_at": "2026-04-12T20:46:34.687Z"
  }
},
{
  "model": "core.notification",
  "pk": 46,
  "fields": {
    "user": 1,
    "notification_type": "info",
    "title": "Health Record Added",
    "message": "Health record added for 54554: Vaccination",
    "link": "/livestock/1/",
    "is_read": true,
    "sent_via_sms": false,
    "sent_via_email": false,
    "created_at": "2026-04-13T06:06:26.133Z"
  }
},
{
  "model": "core.notification",
  "pk": 47,
  "fields": {
    "user": 1,
    "notification_type": "reminder",
    "title": "Upcoming Treatment Due",
    "message": "54554 is due for Vaccination on 2026-04-16",
    "link": "/livestock/1/",
    "is_read": true,
    "sent_via_sms": false,
    "sent_via_email": false,
    "created_at": "2026-04-13T06:06:26.142Z"
  }
},
{
  "model": "core.notification",
  "pk": 48,
  "fields": {
    "user": 1,
    "notification_type": "info",
    "title": "Health Record Added",
    "message": "Health record added for 54554: Vaccination",
    "link": "/livestock/1/",
    "is_read": true,
    "sent_via_sms": false,
    "sent_via_email": false,
    "created_at": "2026-04-13T06:08:30.364Z"
  }
},
{
  "model": "core.notification",
  "pk": 49,
  "fields": {
    "user": 1,
    "notification_type": "reminder",
    "title": "Upcoming Treatment Due",
    "message": "54554 is due for Vaccination on 2026-04-16",
    "link": "/livestock/1/",
    "is_read": true,
    "sent_via_sms": false,
    "sent_via_email": false,
    "created_at": "2026-04-13T06:08:30.369Z"
  }
},
{
  "model": "core.notification",
  "pk": 50,
  "fields": {
    "user": 1,
    "notification_type": "info",
    "title": "Health Record Added",
    "message": "Health record added for 54554: Vaccination",
    "link": "/livestock/1/",
    "is_read": true,
    "sent_via_sms": false,
    "sent_via_email": false,
    "created_at": "2026-04-13T06:15:55.240Z"
  }
},
{
  "model": "core.notification",
  "pk": 51,
  "fields": {
    "user": 1,
    "notification_type": "reminder",
    "title": "Upcoming Treatment Due",
    "message": "54554 is due for Vaccination on 2026-04-16",
    "link": "/livestock/1/",
    "is_read": true,
    "sent_via_sms": false,
    "sent_via_email": false,
    "created_at": "2026-04-13T06:15:55.244Z"
  }
},
{
  "model": "core.notification",
  "pk": 52,
  "fields": {
    "user": 1,
    "notification_type": "info",
    "title": "Health Record Added",
    "message": "Health record added for 54554: Vaccination",
    "link": "/livestock/1/",
    "is_read": true,
    "sent_via_sms": false,
    "sent_via_email": false,
    "created_at": "2026-04-13T06:16:29.646Z"
  }
},
{
  "model": "core.notification",
  "pk": 53,
  "fields": {
    "user": 1,
    "notification_type": "info",
    "title": "Health Record Added",
    "message": "Health record added for 54554: Vaccination",
    "link": "/livestock/1/",
    "is_read": true,
    "sent_via_sms": false,
    "sent_via_email": false,
    "created_at": "2026-04-13T06:16:29.647Z"
  }
},
{
  "model": "core.notification",
  "pk": 54,
  "fields": {
    "user": 1,
    "notification_type": "reminder",
    "title": "Upcoming Treatment Due",
    "message": "54554 is due for Vaccination on 2026-04-16",
    "link": "/livestock/1/",
    "is_read": true,
    "sent_via_sms": false,
    "sent_via_email": false,
    "created_at": "2026-04-13T06:16:29.650Z"
  }
},
{
  "model": "core.notification",
  "pk": 55,
  "fields": {
    "user": 1,
    "notification_type": "reminder",
    "title": "Upcoming Treatment Due",
    "message": "54554 is due for Vaccination on 2026-04-16",
    "link": "/livestock/1/",
    "is_read": true,
    "sent_via_sms": false,
    "sent_via_email": false,
    "created_at": "2026-04-13T06:16:29.651Z"
  }
},
{
  "model": "core.notification",
  "pk": 56,
  "fields": {
    "user": 1,
    "notification_type": "info",
    "title": "Health Record Added",
    "message": "Health record added for 54554: Vaccination",
    "link": "/livestock/1/",
    "is_read": true,
    "sent_via_sms": false,
    "sent_via_email": false,
    "created_at": "2026-04-13T06:16:49.634Z"
  }
},
{
  "model": "core.notification",
  "pk": 57,
  "fields": {
    "user": 1,
    "notification_type": "reminder",
    "title": "Upcoming Treatment Due",
    "message": "54554 is due for Vaccination on 2026-04-16",
    "link": "/livestock/1/",
    "is_read": true,
    "sent_via_sms": false,
    "sent_via_email": false,
    "created_at": "2026-04-13T06:16:49.638Z"
  }
},
{
  "model": "core.notification",
  "pk": 58,
  "fields": {
    "user": 1,
    "notification_type": "info",
    "title": "Health Record Added",
    "message": "Health record added for 54554: Vaccination",
    "link": "/livestock/1/",
    "is_read": true,
    "sent_via_sms": false,
    "sent_via_email": false,
    "created_at": "2026-04-13T06:17:26.346Z"
  }
},
{
  "model": "core.notification",
  "pk": 59,
  "fields": {
    "user": 1,
    "notification_type": "reminder",
    "title": "Upcoming Treatment Due",
    "message": "54554 is due for Vaccination on 2026-04-16",
    "link": "/livestock/1/",
    "is_read": true,
    "sent_via_sms": false,
    "sent_via_email": false,
    "created_at": "2026-04-13T06:17:26.348Z"
  }
},
{
  "model": "core.notification",
  "pk": 60,
  "fields": {
    "user": 1,
    "notification_type": "info",
    "title": "Health Record Added",
    "message": "Health record added for 54554: Vaccination",
    "link": "/livestock/1/",
    "is_read": true,
    "sent_via_sms": false,
    "sent_via_email": false,
    "created_at": "2026-04-13T06:18:21.642Z"
  }
},
{
  "model": "core.notification",
  "pk": 61,
  "fields": {
    "user": 1,
    "notification_type": "reminder",
    "title": "Upcoming Treatment Due",
    "message": "54554 is due for Vaccination on 2026-04-16",
    "link": "/livestock/1/",
    "is_read": true,
    "sent_via_sms": false,
    "sent_via_email": false,
    "created_at": "2026-04-13T06:18:21.645Z"
  }
},
{
  "model": "core.notification",
  "pk": 62,
  "fields": {
    "user": 1,
    "notification_type": "info",
    "title": "Health Record Added",
    "message": "Health record added for 54554: Vaccination",
    "link": "/livestock/1/",
    "is_read": true,
    "sent_via_sms": false,
    "sent_via_email": false,
    "created_at": "2026-04-13T06:18:55.680Z"
  }
},
{
  "model": "core.notification",
  "pk": 63,
  "fields": {
    "user": 1,
    "notification_type": "reminder",
    "title": "Upcoming Treatment Due",
    "message": "54554 is due for Vaccination on 2026-04-16",
    "link": "/livestock/1/",
    "is_read": true,
    "sent_via_sms": false,
    "sent_via_email": false,
    "created_at": "2026-04-13T06:18:55.685Z"
  }
},
{
  "model": "core.notification",
  "pk": 64,
  "fields": {
    "user": 1,
    "notification_type": "info",
    "title": "Health Record Added",
    "message": "Health record added for 54554: Vaccination",
    "link": "/livestock/1/",
    "is_read": true,
    "sent_via_sms": false,
    "sent_via_email": false,
    "created_at": "2026-04-13T06:23:26.309Z"
  }
},
{
  "model": "core.notification",
  "pk": 65,
  "fields": {
    "user": 1,
    "notification_type": "reminder",
    "title": "Upcoming Treatment Due",
    "message": "54554 is due for Vaccination on 2026-04-16",
    "link": "/livestock/1/",
    "is_read": true,
    "sent_via_sms": false,
    "sent_via_email": false,
    "created_at": "2026-04-13T06:23:26.314Z"
  }
},
{
  "model": "core.notification",
  "pk": 66,
  "fields": {
    "user": 1,
    "notification_type": "reminder",
    "title": "Vaccination Due: ",
    "message": " (54554) is due for Vaccination in 3 days",
    "link": "/livestock/1/",
    "is_read": true,
    "sent_via_sms": false,
    "sent_via_email": false,
    "created_at": "2026-04-13T06:23:26.430Z"
  }
},
{
  "model": "core.notification",
  "pk": 67,
  "fields": {
    "user": 1,
    "notification_type": "info",
    "title": "Health Record Added",
    "message": "Health record added for 54554: Vaccination",
    "link": "/livestock/1/",
    "is_read": true,
    "sent_via_sms": false,
    "sent_via_email": false,
    "created_at": "2026-04-13T06:23:54.777Z"
  }
},
{
  "model": "core.notification",
  "pk": 68,
  "fields": {
    "user": 1,
    "notification_type": "reminder",
    "title": "Upcoming Treatment Due",
    "message": "54554 is due for Vaccination on 2026-04-16",
    "link": "/livestock/1/",
    "is_read": true,
    "sent_via_sms": false,
    "sent_via_email": false,
    "created_at": "2026-04-13T06:23:54.780Z"
  }
},
{
  "model": "core.notification",
  "pk": 69,
  "fields": {
    "user": 1,
    "notification_type": "info",
    "title": "Health Record Added",
    "message": "Health record added for 54554: Vaccination",
    "link": "/livestock/1/",
    "is_read": true,
    "sent_via_sms": false,
    "sent_via_email": false,
    "created_at": "2026-04-13T06:24:13.301Z"
  }
},
{
  "model": "core.notification",
  "pk": 70,
  "fields": {
    "user": 1,
    "notification_type": "reminder",
    "title": "Upcoming Treatment Due",
    "message": "54554 is due for Vaccination on 2026-04-16",
    "link": "/livestock/1/",
    "is_read": true,
    "sent_via_sms": false,
    "sent_via_email": false,
    "created_at": "2026-04-13T06:24:13.306Z"
  }
},
{
  "model": "core.notification",
  "pk": 71,
  "fields": {
    "user": 1,
    "notification_type": "reminder",
    "title": "Vaccination Due: ",
    "message": " (54554) is due for Vaccination in 3 days",
    "link": "/livestock/1/",
    "is_read": true,
    "sent_via_sms": false,
    "sent_via_email": false,
    "created_at": "2026-04-13T06:24:13.423Z"
  }
},
{
  "model": "core.notification",
  "pk": 72,
  "fields": {
    "user": 1,
    "notification_type": "reminder",
    "title": "Vaccination Due: ",
    "message": " (54554) is due for Vaccination in 3 days",
    "link": "/livestock/1/",
    "is_read": true,
    "sent_via_sms": false,
    "sent_via_email": false,
    "created_at": "2026-04-13T06:24:13.439Z"
  }
},
{
  "model": "core.notification",
  "pk": 73,
  "fields": {
    "user": 1,
    "notification_type": "info",
    "title": "Health Record Added",
    "message": "Health record added for 54554: Vaccination",
    "link": "/livestock/1/",
    "is_read": true,
    "sent_via_sms": false,
    "sent_via_email": false,
    "created_at": "2026-04-13T06:29:25.660Z"
  }
},
{
  "model": "core.notification",
  "pk": 74,
  "fields": {
    "user": 1,
    "notification_type": "reminder",
    "title": "Upcoming Treatment Due",
    "message": "54554 is due for Vaccination on 2026-04-16",
    "link": "/livestock/1/",
    "is_read": true,
    "sent_via_sms": false,
    "sent_via_email": false,
    "created_at": "2026-04-13T06:29:25.666Z"
  }
},
{
  "model": "core.notification",
  "pk": 75,
  "fields": {
    "user": 1,
    "notification_type": "info",
    "title": "Health Record Added",
    "message": "Health record added for 54554: Vaccination",
    "link": "/livestock/1/",
    "is_read": true,
    "sent_via_sms": false,
    "sent_via_email": false,
    "created_at": "2026-04-13T06:30:44.896Z"
  }
},
{
  "model": "core.notification",
  "pk": 76,
  "fields": {
    "user": 1,
    "notification_type": "reminder",
    "title": "Upcoming Treatment Due",
    "message": "54554 is due for Vaccination on 2026-04-16",
    "link": "/livestock/1/",
    "is_read": true,
    "sent_via_sms": false,
    "sent_via_email": false,
    "created_at": "2026-04-13T06:30:44.903Z"
  }
},
{
  "model": "core.notification",
  "pk": 77,
  "fields": {
    "user": 1,
    "notification_type": "success",
    "title": "Farm Created",
    "message": "Your farm \"kerwed\" has been created successfully!",
    "link": "/farms/4/",
    "is_read": true,
    "sent_via_sms": false,
    "sent_via_email": false,
    "created_at": "2026-06-16T13:25:48.511Z"
  }
},
{
  "model": "core.notification",
  "pk": 78,
  "fields": {
    "user": 5,
    "notification_type": "alert",
    "title": "High Severity Pest Alert",
    "message": "Caterpillar damage (e.g., Diamondback Moth, Cabbage Looper) detected on fjkff with 98% confidence",
    "link": "/pest-detection/30/",
    "is_read": false,
    "sent_via_sms": false,
    "sent_via_email": false,
    "created_at": "2026-06-16T13:30:32.784Z"
  }
},
{
  "model": "core.notification",
  "pk": 79,
  "fields": {
    "user": 1,
    "notification_type": "alert",
    "title": "Pest Detected: Caterpillar damage (e.g., Diamondback Moth, Cabbage Looper)",
    "message": "A high severity Caterpillar damage (e.g., Diamondback Moth, Cabbage Looper) was detected in your crop with 98% confidence. An agronomist will review this soon.",
    "link": "/pest-detection/30/",
    "is_read": true,
    "sent_via_sms": false,
    "sent_via_email": false,
    "created_at": "2026-06-16T13:30:32.790Z"
  }
},
{
  "model": "core.notification",
  "pk": 80,
  "fields": {
    "user": 5,
    "notification_type": "alert",
    "title": "Pest Detection Review Needed - Caterpillar damage (e.g., Diamondback Moth, Cabbage Looper)",
    "message": "Farmer  submitted a pest detection report from fjkff.\n\nDetected Issue: Caterpillar damage (e.g., Diamondback Moth, Cabbage Looper)\nSeverity: high\nAI Confidence: 98%\n\nPlease review and verify this diagnosis.",
    "link": "/pest-verification/30/",
    "is_read": false,
    "sent_via_sms": false,
    "sent_via_email": false,
    "created_at": "2026-06-16T13:30:32.811Z"
  }
},
{
  "model": "core.notification",
  "pk": 81,
  "fields": {
    "user": 5,
    "notification_type": "alert",
    "title": "High Severity Pest Alert",
    "message": "Colorado Potato Beetle (Leptinotarsa decemlineata) larvae detected on fjkff with 100% confidence",
    "link": "/pest-detection/31/",
    "is_read": false,
    "sent_via_sms": false,
    "sent_via_email": false,
    "created_at": "2026-06-16T13:32:37.833Z"
  }
},
{
  "model": "core.notification",
  "pk": 82,
  "fields": {
    "user": 1,
    "notification_type": "alert",
    "title": "Pest Detected: Colorado Potato Beetle (Leptinotarsa decemlineata) larvae",
    "message": "A high severity Colorado Potato Beetle (Leptinotarsa decemlineata) larvae was detected in your crop with 100% confidence. An agronomist will review this soon.",
    "link": "/pest-detection/31/",
    "is_read": true,
    "sent_via_sms": false,
    "sent_via_email": false,
    "created_at": "2026-06-16T13:32:37.839Z"
  }
},
{
  "model": "core.notification",
  "pk": 83,
  "fields": {
    "user": 5,
    "notification_type": "alert",
    "title": "Pest Detection Review Needed - Colorado Potato Beetle (Leptinotarsa decemlineata) larvae",
    "message": "Farmer  submitted a pest detection report from fjkff.\n\nDetected Issue: Colorado Potato Beetle (Leptinotarsa decemlineata) larvae\nSeverity: high\nAI Confidence: 100%\n\nPlease review and verify this diagnosis.",
    "link": "/pest-verification/31/",
    "is_read": false,
    "sent_via_sms": false,
    "sent_via_email": false,
    "created_at": "2026-06-16T13:32:37.851Z"
  }
},
{
  "model": "core.notification",
  "pk": 84,
  "fields": {
    "user": 1,
    "notification_type": "success",
    "title": "Back in Stock: maize",
    "message": "Product \"maize\" is now live on the marketplace!",
    "link": "/marketplace/2/",
    "is_read": false,
    "sent_via_sms": false,
    "sent_via_email": false,
    "created_at": "2026-07-16T10:27:22.634Z"
  }
},
{
  "model": "core.notification",
  "pk": 85,
  "fields": {
    "user": 1,
    "notification_type": "warning",
    "title": "Out of Stock: maize",
    "message": "Product \"maize\" has been marked as out of stock and is no longer visible to buyers.",
    "link": "/marketplace/2/",
    "is_read": false,
    "sent_via_sms": false,
    "sent_via_email": false,
    "created_at": "2026-07-16T10:27:33.944Z"
  }
},
{
  "model": "core.notification",
  "pk": 86,
  "fields": {
    "user": 1,
    "notification_type": "success",
    "title": "Back in Stock: maize",
    "message": "Product \"maize\" is now live on the marketplace!",
    "link": "/marketplace/2/",
    "is_read": false,
    "sent_via_sms": false,
    "sent_via_email": false,
    "created_at": "2026-07-16T10:28:23.361Z"
  }
},
{
  "model": "core.reminder",
  "pk": 1,
  "fields": {
    "farm": 1,
    "user": 1,
    "title": "breeding",
    "reminder_type": "breeding_check",
    "description": "kjrjrt5",
    "due_date": "2026-04-10",
    "is_recurring": true,
    "is_active": true,
    "is_completed": true,
    "completed_at": "2026-04-12T16:43:35.816Z",
    "created_at": "2026-04-09T14:10:41.702Z"
  }
},
{
  "model": "core.carbonfootprintreport",
  "pk": 1,
  "fields": {
    "farm": 1,
    "report_period": "monthly",
    "year": 2026,
    "month": 7,
    "total_emissions_kg_co2e": "1302.20",
    "fuel_emissions": "455.60",
    "electricity_emissions": "382.50",
    "fertilizer_emissions": "382.50",
    "is_carbon_neutral": false,
    "created_at": "2026-07-16T11:42:46.948Z"
  }
},
{
  "model": "core.discussionforum",
  "pk": 1,
  "fields": {
    "title": "grgrgr",
    "description": "grgrgrgr",
    "category": "crops",
    "is_moderated": true,
    "allow_attachments": true,
    "allow_external_links": false,
    "is_active": true,
    "member_count": 0,
    "post_count": 0,
    "created_at": "2026-04-09T14:41:26.729Z",
    "updated_at": "2026-04-09T14:41:26.729Z",
    "moderators": []
  }
},
{
  "model": "core.emissionsource",
  "pk": 1,
  "fields": {
    "farm": 1,
    "source_type": "fuel_diesel",
    "name": "Diesel Fuel",
    "emission_factor": "2.6800",
    "unit": "liter",
    "is_active": true,
    "created_at": "2026-04-09T12:34:48.405Z"
  }
},
{
  "model": "core.emissionsource",
  "pk": 2,
  "fields": {
    "farm": 1,
    "source_type": "fuel_petrol",
    "name": "Petrol/Gasoline",
    "emission_factor": "2.3100",
    "unit": "liter",
    "is_active": true,
    "created_at": "2026-04-09T12:34:48.419Z"
  }
},
{
  "model": "core.emissionsource",
  "pk": 3,
  "fields": {
    "farm": 1,
    "source_type": "electricity",
    "name": "Electricity",
    "emission_factor": "0.8200",
    "unit": "kWh",
    "is_active": true,
    "created_at": "2026-04-09T12:34:48.422Z"
  }
},
{
  "model": "core.emissionsource",
  "pk": 4,
  "fields": {
    "farm": 1,
    "source_type": "lpg",
    "name": "LPG/Gas",
    "emission_factor": "3.0400",
    "unit": "kg",
    "is_active": true,
    "created_at": "2026-04-09T12:34:48.425Z"
  }
},
{
  "model": "core.emissionsource",
  "pk": 5,
  "fields": {
    "farm": 1,
    "source_type": "fertilizer",
    "name": "Synthetic Fertilizer",
    "emission_factor": "4.8900",
    "unit": "kg",
    "is_active": true,
    "created_at": "2026-04-09T12:34:48.430Z"
  }
},
{
  "model": "core.emissionsource",
  "pk": 6,
  "fields": {
    "farm": 1,
    "source_type": "pesticide",
    "name": "Pesticide Application",
    "emission_factor": "12.5000",
    "unit": "kg",
    "is_active": true,
    "created_at": "2026-04-09T12:34:48.432Z"
  }
},
{
  "model": "core.emissionsource",
  "pk": 7,
  "fields": {
    "farm": 1,
    "source_type": "transport_input",
    "name": "Transport of Inputs",
    "emission_factor": "0.1200",
    "unit": "ton-km",
    "is_active": true,
    "created_at": "2026-04-09T12:34:48.434Z"
  }
},
{
  "model": "core.emissionsource",
  "pk": 8,
  "fields": {
    "farm": 1,
    "source_type": "transport_output",
    "name": "Transport of Products",
    "emission_factor": "0.1200",
    "unit": "ton-km",
    "is_active": true,
    "created_at": "2026-04-09T12:34:48.436Z"
  }
},
{
  "model": "core.emissionsource",
  "pk": 9,
  "fields": {
    "farm": 1,
    "source_type": "livestock_enteric",
    "name": "Livestock Enteric Fermentation",
    "emission_factor": "0.0650",
    "unit": "head-day",
    "is_active": true,
    "created_at": "2026-04-09T12:34:48.438Z"
  }
},
{
  "model": "core.emissionsource",
  "pk": 10,
  "fields": {
    "farm": 1,
    "source_type": "manure",
    "name": "Manure Management",
    "emission_factor": "0.0150",
    "unit": "head-day",
    "is_active": true,
    "created_at": "2026-04-09T12:34:48.441Z"
  }
},
{
  "model": "core.emissionsource",
  "pk": 11,
  "fields": {
    "farm": 1,
    "source_type": "machinery",
    "name": "Machinery/Equipment",
    "emission_factor": "5.0000",
    "unit": "hour",
    "is_active": true,
    "created_at": "2026-04-09T12:34:48.444Z"
  }
},
{
  "model": "core.emissionsource",
  "pk": 12,
  "fields": {
    "farm": 1,
    "source_type": "other",
    "name": "Other Emissions",
    "emission_factor": "1.0000",
    "unit": "unit",
    "is_active": true,
    "created_at": "2026-04-09T12:34:48.446Z"
  }
},
{
  "model": "core.emissionsource",
  "pk": 13,
  "fields": {
    "farm": 2,
    "source_type": "fuel_diesel",
    "name": "Diesel Fuel",
    "emission_factor": "2.6800",
    "unit": "liter",
    "is_active": true,
    "created_at": "2026-04-09T12:34:48.449Z"
  }
},
{
  "model": "core.emissionsource",
  "pk": 14,
  "fields": {
    "farm": 2,
    "source_type": "fuel_petrol",
    "name": "Petrol/Gasoline",
    "emission_factor": "2.3100",
    "unit": "liter",
    "is_active": true,
    "created_at": "2026-04-09T12:34:48.451Z"
  }
},
{
  "model": "core.emissionsource",
  "pk": 15,
  "fields": {
    "farm": 2,
    "source_type": "electricity",
    "name": "Electricity",
    "emission_factor": "0.8200",
    "unit": "kWh",
    "is_active": true,
    "created_at": "2026-04-09T12:34:48.453Z"
  }
},
{
  "model": "core.emissionsource",
  "pk": 16,
  "fields": {
    "farm": 2,
    "source_type": "lpg",
    "name": "LPG/Gas",
    "emission_factor": "3.0400",
    "unit": "kg",
    "is_active": true,
    "created_at": "2026-04-09T12:34:48.454Z"
  }
},
{
  "model": "core.emissionsource",
  "pk": 17,
  "fields": {
    "farm": 2,
    "source_type": "fertilizer",
    "name": "Synthetic Fertilizer",
    "emission_factor": "4.8900",
    "unit": "kg",
    "is_active": true,
    "created_at": "2026-04-09T12:34:48.455Z"
  }
},
{
  "model": "core.emissionsource",
  "pk": 18,
  "fields": {
    "farm": 2,
    "source_type": "pesticide",
    "name": "Pesticide Application",
    "emission_factor": "12.5000",
    "unit": "kg",
    "is_active": true,
    "created_at": "2026-04-09T12:34:48.457Z"
  }
},
{
  "model": "core.emissionsource",
  "pk": 19,
  "fields": {
    "farm": 2,
    "source_type": "transport_input",
    "name": "Transport of Inputs",
    "emission_factor": "0.1200",
    "unit": "ton-km",
    "is_active": true,
    "created_at": "2026-04-09T12:34:48.460Z"
  }
},
{
  "model": "core.emissionsource",
  "pk": 20,
  "fields": {
    "farm": 2,
    "source_type": "transport_output",
    "name": "Transport of Products",
    "emission_factor": "0.1200",
    "unit": "ton-km",
    "is_active": true,
    "created_at": "2026-04-09T12:34:48.461Z"
  }
},
{
  "model": "core.emissionsource",
  "pk": 21,
  "fields": {
    "farm": 2,
    "source_type": "livestock_enteric",
    "name": "Livestock Enteric Fermentation",
    "emission_factor": "0.0650",
    "unit": "head-day",
    "is_active": true,
    "created_at": "2026-04-09T12:34:48.463Z"
  }
},
{
  "model": "core.emissionsource",
  "pk": 22,
  "fields": {
    "farm": 2,
    "source_type": "manure",
    "name": "Manure Management",
    "emission_factor": "0.0150",
    "unit": "head-day",
    "is_active": true,
    "created_at": "2026-04-09T12:34:48.466Z"
  }
},
{
  "model": "core.emissionsource",
  "pk": 23,
  "fields": {
    "farm": 2,
    "source_type": "machinery",
    "name": "Machinery/Equipment",
    "emission_factor": "5.0000",
    "unit": "hour",
    "is_active": true,
    "created_at": "2026-04-09T12:34:48.468Z"
  }
},
{
  "model": "core.emissionsource",
  "pk": 24,
  "fields": {
    "farm": 2,
    "source_type": "other",
    "name": "Other Emissions",
    "emission_factor": "1.0000",
    "unit": "unit",
    "is_active": true,
    "created_at": "2026-04-09T12:34:48.469Z"
  }
},
{
  "model": "core.emissionsource",
  "pk": 25,
  "fields": {
    "farm": 1,
    "source_type": "fertilizer",
    "name": "Fertilizer",
    "emission_factor": "1.5000",
    "unit": "kg",
    "is_active": true,
    "created_at": "2026-07-16T10:13:01.536Z"
  }
},
{
  "model": "core.emissionsource",
  "pk": 26,
  "fields": {
    "farm": 1,
    "source_type": "machinery",
    "name": "Machinery",
    "emission_factor": "0.8000",
    "unit": "hours",
    "is_active": true,
    "created_at": "2026-07-16T10:13:01.580Z"
  }
},
{
  "model": "core.emissionsource",
  "pk": 27,
  "fields": {
    "farm": 2,
    "source_type": "fertilizer",
    "name": "Fertilizer",
    "emission_factor": "1.5000",
    "unit": "kg",
    "is_active": true,
    "created_at": "2026-07-16T10:13:01.591Z"
  }
},
{
  "model": "core.emissionsource",
  "pk": 28,
  "fields": {
    "farm": 2,
    "source_type": "machinery",
    "name": "Machinery",
    "emission_factor": "0.8000",
    "unit": "hours",
    "is_active": true,
    "created_at": "2026-07-16T10:13:01.597Z"
  }
},
{
  "model": "core.emissionsource",
  "pk": 29,
  "fields": {
    "farm": 4,
    "source_type": "fuel_diesel",
    "name": "Diesel Fuel",
    "emission_factor": "2.6800",
    "unit": "liters",
    "is_active": true,
    "created_at": "2026-07-16T10:13:01.603Z"
  }
},
{
  "model": "core.emissionsource",
  "pk": 30,
  "fields": {
    "farm": 4,
    "source_type": "electricity",
    "name": "Electricity",
    "emission_factor": "0.4500",
    "unit": "kWh",
    "is_active": true,
    "created_at": "2026-07-16T10:13:01.611Z"
  }
},
{
  "model": "core.emissionsource",
  "pk": 31,
  "fields": {
    "farm": 4,
    "source_type": "fertilizer",
    "name": "Fertilizer",
    "emission_factor": "1.5000",
    "unit": "kg",
    "is_active": true,
    "created_at": "2026-07-16T10:13:01.615Z"
  }
},
{
  "model": "core.emissionsource",
  "pk": 32,
  "fields": {
    "farm": 4,
    "source_type": "machinery",
    "name": "Machinery",
    "emission_factor": "0.8000",
    "unit": "hours",
    "is_active": true,
    "created_at": "2026-07-16T10:13:01.622Z"
  }
},
{
  "model": "core.emissionrecord",
  "pk": 1,
  "fields": {
    "farm": 2,
    "source": 15,
    "record_date": "2026-04-09",
    "quantity_used": "12.00",
    "calculated_emissions_kg_co2e": "9.84",
    "description": "ebvdjhj",
    "created_at": "2026-04-09T13:02:02.722Z"
  }
},
{
  "model": "core.emissionrecord",
  "pk": 2,
  "fields": {
    "farm": 1,
    "source": 25,
    "record_date": "2026-02-01",
    "quantity_used": "60.00",
    "calculated_emissions_kg_co2e": "90.00",
    "description": "Sample Fertilizer usage for February 2026",
    "created_at": "2026-07-16T10:13:01.633Z"
  }
},
{
  "model": "core.emissionrecord",
  "pk": 3,
  "fields": {
    "farm": 1,
    "source": 25,
    "record_date": "2026-03-01",
    "quantity_used": "65.00",
    "calculated_emissions_kg_co2e": "97.50",
    "description": "Sample Fertilizer usage for March 2026",
    "created_at": "2026-07-16T10:13:01.646Z"
  }
},
{
  "model": "core.emissionrecord",
  "pk": 4,
  "fields": {
    "farm": 1,
    "source": 25,
    "record_date": "2026-04-01",
    "quantity_used": "70.00",
    "calculated_emissions_kg_co2e": "105.00",
    "description": "Sample Fertilizer usage for April 2026",
    "created_at": "2026-07-16T10:13:01.651Z"
  }
},
{
  "model": "core.emissionrecord",
  "pk": 5,
  "fields": {
    "farm": 1,
    "source": 25,
    "record_date": "2026-05-01",
    "quantity_used": "75.00",
    "calculated_emissions_kg_co2e": "112.50",
    "description": "Sample Fertilizer usage for May 2026",
    "created_at": "2026-07-16T10:13:01.659Z"
  }
},
{
  "model": "core.emissionrecord",
  "pk": 6,
  "fields": {
    "farm": 1,
    "source": 25,
    "record_date": "2026-06-01",
    "quantity_used": "80.00",
    "calculated_emissions_kg_co2e": "120.00",
    "description": "Sample Fertilizer usage for June 2026",
    "created_at": "2026-07-16T10:13:01.663Z"
  }
},
{
  "model": "core.emissionrecord",
  "pk": 7,
  "fields": {
    "farm": 1,
    "source": 25,
    "record_date": "2026-07-01",
    "quantity_used": "85.00",
    "calculated_emissions_kg_co2e": "127.50",
    "description": "Sample Fertilizer usage for July 2026",
    "created_at": "2026-07-16T10:13:01.671Z"
  }
},
{
  "model": "core.emissionrecord",
  "pk": 8,
  "fields": {
    "farm": 1,
    "source": 26,
    "record_date": "2026-02-01",
    "quantity_used": "24.00",
    "calculated_emissions_kg_co2e": "19.20",
    "description": "Sample Machinery usage for February 2026",
    "created_at": "2026-07-16T10:13:01.678Z"
  }
},
{
  "model": "core.emissionrecord",
  "pk": 9,
  "fields": {
    "farm": 1,
    "source": 26,
    "record_date": "2026-03-01",
    "quantity_used": "26.00",
    "calculated_emissions_kg_co2e": "20.80",
    "description": "Sample Machinery usage for March 2026",
    "created_at": "2026-07-16T10:13:01.682Z"
  }
},
{
  "model": "core.emissionrecord",
  "pk": 10,
  "fields": {
    "farm": 1,
    "source": 26,
    "record_date": "2026-04-01",
    "quantity_used": "28.00",
    "calculated_emissions_kg_co2e": "22.40",
    "description": "Sample Machinery usage for April 2026",
    "created_at": "2026-07-16T10:13:01.691Z"
  }
},
{
  "model": "core.emissionrecord",
  "pk": 11,
  "fields": {
    "farm": 1,
    "source": 26,
    "record_date": "2026-05-01",
    "quantity_used": "30.00",
    "calculated_emissions_kg_co2e": "24.00",
    "description": "Sample Machinery usage for May 2026",
    "created_at": "2026-07-16T10:13:01.694Z"
  }
},
{
  "model": "core.emissionrecord",
  "pk": 12,
  "fields": {
    "farm": 1,
    "source": 26,
    "record_date": "2026-06-01",
    "quantity_used": "32.00",
    "calculated_emissions_kg_co2e": "25.60",
    "description": "Sample Machinery usage for June 2026",
    "created_at": "2026-07-16T10:13:01.700Z"
  }
},
{
  "model": "core.emissionrecord",
  "pk": 13,
  "fields": {
    "farm": 1,
    "source": 26,
    "record_date": "2026-07-01",
    "quantity_used": "34.00",
    "calculated_emissions_kg_co2e": "27.20",
    "description": "Sample Machinery usage for July 2026",
    "created_at": "2026-07-16T10:13:01.707Z"
  }
},
{
  "model": "core.emissionrecord",
  "pk": 14,
  "fields": {
    "farm": 2,
    "source": 27,
    "record_date": "2026-02-01",
    "quantity_used": "60.00",
    "calculated_emissions_kg_co2e": "90.00",
    "description": "Sample Fertilizer usage for February 2026",
    "created_at": "2026-07-16T10:13:01.711Z"
  }
},
{
  "model": "core.emissionrecord",
  "pk": 15,
  "fields": {
    "farm": 2,
    "source": 27,
    "record_date": "2026-03-01",
    "quantity_used": "65.00",
    "calculated_emissions_kg_co2e": "97.50",
    "description": "Sample Fertilizer usage for March 2026",
    "created_at": "2026-07-16T10:13:01.714Z"
  }
},
{
  "model": "core.emissionrecord",
  "pk": 16,
  "fields": {
    "farm": 2,
    "source": 27,
    "record_date": "2026-04-01",
    "quantity_used": "70.00",
    "calculated_emissions_kg_co2e": "105.00",
    "description": "Sample Fertilizer usage for April 2026",
    "created_at": "2026-07-16T10:13:01.721Z"
  }
},
{
  "model": "core.emissionrecord",
  "pk": 17,
  "fields": {
    "farm": 2,
    "source": 27,
    "record_date": "2026-05-01",
    "quantity_used": "75.00",
    "calculated_emissions_kg_co2e": "112.50",
    "description": "Sample Fertilizer usage for May 2026",
    "created_at": "2026-07-16T10:13:01.728Z"
  }
},
{
  "model": "core.emissionrecord",
  "pk": 18,
  "fields": {
    "farm": 2,
    "source": 27,
    "record_date": "2026-06-01",
    "quantity_used": "80.00",
    "calculated_emissions_kg_co2e": "120.00",
    "description": "Sample Fertilizer usage for June 2026",
    "created_at": "2026-07-16T10:13:01.730Z"
  }
},
{
  "model": "core.emissionrecord",
  "pk": 19,
  "fields": {
    "farm": 2,
    "source": 27,
    "record_date": "2026-07-01",
    "quantity_used": "85.00",
    "calculated_emissions_kg_co2e": "127.50",
    "description": "Sample Fertilizer usage for July 2026",
    "created_at": "2026-07-16T10:13:01.736Z"
  }
},
{
  "model": "core.emissionrecord",
  "pk": 20,
  "fields": {
    "farm": 2,
    "source": 28,
    "record_date": "2026-02-01",
    "quantity_used": "24.00",
    "calculated_emissions_kg_co2e": "19.20",
    "description": "Sample Machinery usage for February 2026",
    "created_at": "2026-07-16T10:13:01.741Z"
  }
},
{
  "model": "core.emissionrecord",
  "pk": 21,
  "fields": {
    "farm": 2,
    "source": 28,
    "record_date": "2026-03-01",
    "quantity_used": "26.00",
    "calculated_emissions_kg_co2e": "20.80",
    "description": "Sample Machinery usage for March 2026",
    "created_at": "2026-07-16T10:13:01.745Z"
  }
},
{
  "model": "core.emissionrecord",
  "pk": 22,
  "fields": {
    "farm": 2,
    "source": 28,
    "record_date": "2026-04-01",
    "quantity_used": "28.00",
    "calculated_emissions_kg_co2e": "22.40",
    "description": "Sample Machinery usage for April 2026",
    "created_at": "2026-07-16T10:13:01.748Z"
  }
},
{
  "model": "core.emissionrecord",
  "pk": 23,
  "fields": {
    "farm": 2,
    "source": 28,
    "record_date": "2026-05-01",
    "quantity_used": "30.00",
    "calculated_emissions_kg_co2e": "24.00",
    "description": "Sample Machinery usage for May 2026",
    "created_at": "2026-07-16T10:13:01.754Z"
  }
},
{
  "model": "core.emissionrecord",
  "pk": 24,
  "fields": {
    "farm": 2,
    "source": 28,
    "record_date": "2026-06-01",
    "quantity_used": "32.00",
    "calculated_emissions_kg_co2e": "25.60",
    "description": "Sample Machinery usage for June 2026",
    "created_at": "2026-07-16T10:13:01.758Z"
  }
},
{
  "model": "core.emissionrecord",
  "pk": 25,
  "fields": {
    "farm": 2,
    "source": 28,
    "record_date": "2026-07-01",
    "quantity_used": "34.00",
    "calculated_emissions_kg_co2e": "27.20",
    "description": "Sample Machinery usage for July 2026",
    "created_at": "2026-07-16T10:13:01.761Z"
  }
},
{
  "model": "core.emissionrecord",
  "pk": 26,
  "fields": {
    "farm": 4,
    "source": 29,
    "record_date": "2026-02-01",
    "quantity_used": "120.00",
    "calculated_emissions_kg_co2e": "321.60",
    "description": "Sample Diesel Fuel usage for February 2026",
    "created_at": "2026-07-16T10:13:01.764Z"
  }
},
{
  "model": "core.emissionrecord",
  "pk": 27,
  "fields": {
    "farm": 4,
    "source": 29,
    "record_date": "2026-03-01",
    "quantity_used": "130.00",
    "calculated_emissions_kg_co2e": "348.40",
    "description": "Sample Diesel Fuel usage for March 2026",
    "created_at": "2026-07-16T10:13:01.771Z"
  }
},
{
  "model": "core.emissionrecord",
  "pk": 28,
  "fields": {
    "farm": 4,
    "source": 29,
    "record_date": "2026-04-01",
    "quantity_used": "140.00",
    "calculated_emissions_kg_co2e": "375.20",
    "description": "Sample Diesel Fuel usage for April 2026",
    "created_at": "2026-07-16T10:13:01.777Z"
  }
},
{
  "model": "core.emissionrecord",
  "pk": 29,
  "fields": {
    "farm": 4,
    "source": 29,
    "record_date": "2026-05-01",
    "quantity_used": "150.00",
    "calculated_emissions_kg_co2e": "402.00",
    "description": "Sample Diesel Fuel usage for May 2026",
    "created_at": "2026-07-16T10:13:01.783Z"
  }
},
{
  "model": "core.emissionrecord",
  "pk": 30,
  "fields": {
    "farm": 4,
    "source": 29,
    "record_date": "2026-06-01",
    "quantity_used": "160.00",
    "calculated_emissions_kg_co2e": "428.80",
    "description": "Sample Diesel Fuel usage for June 2026",
    "created_at": "2026-07-16T10:13:01.790Z"
  }
},
{
  "model": "core.emissionrecord",
  "pk": 31,
  "fields": {
    "farm": 4,
    "source": 29,
    "record_date": "2026-07-01",
    "quantity_used": "170.00",
    "calculated_emissions_kg_co2e": "455.60",
    "description": "Sample Diesel Fuel usage for July 2026",
    "created_at": "2026-07-16T10:13:01.796Z"
  }
},
{
  "model": "core.emissionrecord",
  "pk": 32,
  "fields": {
    "farm": 4,
    "source": 30,
    "record_date": "2026-02-01",
    "quantity_used": "600.00",
    "calculated_emissions_kg_co2e": "270.00",
    "description": "Sample Electricity usage for February 2026",
    "created_at": "2026-07-16T10:13:01.803Z"
  }
},
{
  "model": "core.emissionrecord",
  "pk": 33,
  "fields": {
    "farm": 4,
    "source": 30,
    "record_date": "2026-03-01",
    "quantity_used": "650.00",
    "calculated_emissions_kg_co2e": "292.50",
    "description": "Sample Electricity usage for March 2026",
    "created_at": "2026-07-16T10:13:01.811Z"
  }
},
{
  "model": "core.emissionrecord",
  "pk": 34,
  "fields": {
    "farm": 4,
    "source": 30,
    "record_date": "2026-04-01",
    "quantity_used": "700.00",
    "calculated_emissions_kg_co2e": "315.00",
    "description": "Sample Electricity usage for April 2026",
    "created_at": "2026-07-16T10:13:01.819Z"
  }
},
{
  "model": "core.emissionrecord",
  "pk": 35,
  "fields": {
    "farm": 4,
    "source": 30,
    "record_date": "2026-05-01",
    "quantity_used": "750.00",
    "calculated_emissions_kg_co2e": "337.50",
    "description": "Sample Electricity usage for May 2026",
    "created_at": "2026-07-16T10:13:01.826Z"
  }
},
{
  "model": "core.emissionrecord",
  "pk": 36,
  "fields": {
    "farm": 4,
    "source": 30,
    "record_date": "2026-06-01",
    "quantity_used": "800.00",
    "calculated_emissions_kg_co2e": "360.00",
    "description": "Sample Electricity usage for June 2026",
    "created_at": "2026-07-16T10:13:01.833Z"
  }
},
{
  "model": "core.emissionrecord",
  "pk": 37,
  "fields": {
    "farm": 4,
    "source": 30,
    "record_date": "2026-07-01",
    "quantity_used": "850.00",
    "calculated_emissions_kg_co2e": "382.50",
    "description": "Sample Electricity usage for July 2026",
    "created_at": "2026-07-16T10:13:01.839Z"
  }
},
{
  "model": "core.emissionrecord",
  "pk": 38,
  "fields": {
    "farm": 4,
    "source": 31,
    "record_date": "2026-02-01",
    "quantity_used": "60.00",
    "calculated_emissions_kg_co2e": "90.00",
    "description": "Sample Fertilizer usage for February 2026",
    "created_at": "2026-07-16T10:13:01.843Z"
  }
},
{
  "model": "core.emissionrecord",
  "pk": 39,
  "fields": {
    "farm": 4,
    "source": 31,
    "record_date": "2026-03-01",
    "quantity_used": "65.00",
    "calculated_emissions_kg_co2e": "97.50",
    "description": "Sample Fertilizer usage for March 2026",
    "created_at": "2026-07-16T10:13:01.851Z"
  }
},
{
  "model": "core.emissionrecord",
  "pk": 40,
  "fields": {
    "farm": 4,
    "source": 31,
    "record_date": "2026-04-01",
    "quantity_used": "70.00",
    "calculated_emissions_kg_co2e": "105.00",
    "description": "Sample Fertilizer usage for April 2026",
    "created_at": "2026-07-16T10:13:01.860Z"
  }
},
{
  "model": "core.emissionrecord",
  "pk": 41,
  "fields": {
    "farm": 4,
    "source": 31,
    "record_date": "2026-05-01",
    "quantity_used": "75.00",
    "calculated_emissions_kg_co2e": "112.50",
    "description": "Sample Fertilizer usage for May 2026",
    "created_at": "2026-07-16T10:13:01.868Z"
  }
},
{
  "model": "core.emissionrecord",
  "pk": 42,
  "fields": {
    "farm": 4,
    "source": 31,
    "record_date": "2026-06-01",
    "quantity_used": "80.00",
    "calculated_emissions_kg_co2e": "120.00",
    "description": "Sample Fertilizer usage for June 2026",
    "created_at": "2026-07-16T10:13:01.873Z"
  }
},
{
  "model": "core.emissionrecord",
  "pk": 43,
  "fields": {
    "farm": 4,
    "source": 31,
    "record_date": "2026-07-01",
    "quantity_used": "85.00",
    "calculated_emissions_kg_co2e": "127.50",
    "description": "Sample Fertilizer usage for July 2026",
    "created_at": "2026-07-16T10:13:01.877Z"
  }
},
{
  "model": "core.emissionrecord",
  "pk": 44,
  "fields": {
    "farm": 4,
    "source": 32,
    "record_date": "2026-02-01",
    "quantity_used": "24.00",
    "calculated_emissions_kg_co2e": "19.20",
    "description": "Sample Machinery usage for February 2026",
    "created_at": "2026-07-16T10:13:01.885Z"
  }
},
{
  "model": "core.emissionrecord",
  "pk": 45,
  "fields": {
    "farm": 4,
    "source": 32,
    "record_date": "2026-03-01",
    "quantity_used": "26.00",
    "calculated_emissions_kg_co2e": "20.80",
    "description": "Sample Machinery usage for March 2026",
    "created_at": "2026-07-16T10:13:01.893Z"
  }
},
{
  "model": "core.emissionrecord",
  "pk": 46,
  "fields": {
    "farm": 4,
    "source": 32,
    "record_date": "2026-04-01",
    "quantity_used": "28.00",
    "calculated_emissions_kg_co2e": "22.40",
    "description": "Sample Machinery usage for April 2026",
    "created_at": "2026-07-16T10:13:01.899Z"
  }
},
{
  "model": "core.emissionrecord",
  "pk": 47,
  "fields": {
    "farm": 4,
    "source": 32,
    "record_date": "2026-05-01",
    "quantity_used": "30.00",
    "calculated_emissions_kg_co2e": "24.00",
    "description": "Sample Machinery usage for May 2026",
    "created_at": "2026-07-16T10:13:01.906Z"
  }
},
{
  "model": "core.emissionrecord",
  "pk": 48,
  "fields": {
    "farm": 4,
    "source": 32,
    "record_date": "2026-06-01",
    "quantity_used": "32.00",
    "calculated_emissions_kg_co2e": "25.60",
    "description": "Sample Machinery usage for June 2026",
    "created_at": "2026-07-16T10:13:01.912Z"
  }
},
{
  "model": "core.emissionrecord",
  "pk": 49,
  "fields": {
    "farm": 4,
    "source": 32,
    "record_date": "2026-07-01",
    "quantity_used": "34.00",
    "calculated_emissions_kg_co2e": "27.20",
    "description": "Sample Machinery usage for July 2026",
    "created_at": "2026-07-16T10:13:01.918Z"
  }
},
{
  "model": "core.carbonsequestration",
  "pk": 1,
  "fields": {
    "farm": 1,
    "activity_type": "trees",
    "name": "Tree Planting",
    "description": "Sample Tree Planting activity for 2026",
    "area_hectares": "50.00",
    "tree_count": 50,
    "annual_sequestration_kg_co2e": "1000.00",
    "start_date": "2026-01-01",
    "end_date": "2026-12-31",
    "created_at": "2026-07-16T10:13:01.925Z"
  }
},
{
  "model": "core.carbonsequestration",
  "pk": 2,
  "fields": {
    "farm": 1,
    "activity_type": "soil",
    "name": "Soil Management",
    "description": "Sample Soil Management activity for 2026",
    "area_hectares": "10.00",
    "tree_count": 0,
    "annual_sequestration_kg_co2e": "50.00",
    "start_date": "2026-01-01",
    "end_date": "2026-12-31",
    "created_at": "2026-07-16T10:13:01.938Z"
  }
},
{
  "model": "core.carbonsequestration",
  "pk": 3,
  "fields": {
    "farm": 1,
    "activity_type": "cover_crops",
    "name": "Cover Crops",
    "description": "Sample Cover Crops activity for 2026",
    "area_hectares": "8.00",
    "tree_count": 0,
    "annual_sequestration_kg_co2e": "24.00",
    "start_date": "2026-01-01",
    "end_date": "2026-12-31",
    "created_at": "2026-07-16T10:13:01.942Z"
  }
},
{
  "model": "core.carbonsequestration",
  "pk": 4,
  "fields": {
    "farm": 2,
    "activity_type": "trees",
    "name": "Tree Planting",
    "description": "Sample Tree Planting activity for 2026",
    "area_hectares": "50.00",
    "tree_count": 50,
    "annual_sequestration_kg_co2e": "1000.00",
    "start_date": "2026-01-01",
    "end_date": "2026-12-31",
    "created_at": "2026-07-16T10:13:01.947Z"
  }
},
{
  "model": "core.carbonsequestration",
  "pk": 5,
  "fields": {
    "farm": 2,
    "activity_type": "soil",
    "name": "Soil Management",
    "description": "Sample Soil Management activity for 2026",
    "area_hectares": "10.00",
    "tree_count": 0,
    "annual_sequestration_kg_co2e": "50.00",
    "start_date": "2026-01-01",
    "end_date": "2026-12-31",
    "created_at": "2026-07-16T10:13:01.953Z"
  }
},
{
  "model": "core.carbonsequestration",
  "pk": 6,
  "fields": {
    "farm": 2,
    "activity_type": "cover_crops",
    "name": "Cover Crops",
    "description": "Sample Cover Crops activity for 2026",
    "area_hectares": "8.00",
    "tree_count": 0,
    "annual_sequestration_kg_co2e": "24.00",
    "start_date": "2026-01-01",
    "end_date": "2026-12-31",
    "created_at": "2026-07-16T10:13:01.958Z"
  }
},
{
  "model": "core.carbonsequestration",
  "pk": 7,
  "fields": {
    "farm": 4,
    "activity_type": "trees",
    "name": "Tree Planting",
    "description": "Sample Tree Planting activity for 2026",
    "area_hectares": "50.00",
    "tree_count": 50,
    "annual_sequestration_kg_co2e": "1000.00",
    "start_date": "2026-01-01",
    "end_date": "2026-12-31",
    "created_at": "2026-07-16T10:13:01.962Z"
  }
},
{
  "model": "core.carbonsequestration",
  "pk": 8,
  "fields": {
    "farm": 4,
    "activity_type": "soil",
    "name": "Soil Management",
    "description": "Sample Soil Management activity for 2026",
    "area_hectares": "10.00",
    "tree_count": 0,
    "annual_sequestration_kg_co2e": "50.00",
    "start_date": "2026-01-01",
    "end_date": "2026-12-31",
    "created_at": "2026-07-16T10:13:01.968Z"
  }
},
{
  "model": "core.carbonsequestration",
  "pk": 9,
  "fields": {
    "farm": 4,
    "activity_type": "cover_crops",
    "name": "Cover Crops",
    "description": "Sample Cover Crops activity for 2026",
    "area_hectares": "8.00",
    "tree_count": 0,
    "annual_sequestration_kg_co2e": "24.00",
    "start_date": "2026-01-01",
    "end_date": "2026-12-31",
    "created_at": "2026-07-16T10:13:01.972Z"
  }
},
{
  "model": "core.geofence",
  "pk": 1,
  "fields": {
    "farm": 1,
    "name": "computing Devices",
    "geojson_boundary": {},
    "enable_exit_alerts": true,
    "enable_entry_alerts": false,
    "alert_channels": [],
    "field": null,
    "is_active": true,
    "created_at": "2026-04-10T07:01:18.962Z",
    "assigned_livestock": []
  }
},
{
  "model": "core.farmproject",
  "pk": 1,
  "fields": {
    "farm": 1,
    "name": "standard hours",
    "category": "crop",
    "description": "gjtktkj",
    "start_date": "2026-04-13",
    "target_end_date": "2026-06-11",
    "actual_end_date": null,
    "budget": "5000.00",
    "actual_cost": null,
    "priority": "medium",
    "status": "planning",
    "notes": "rhfhdbd",
    "created_by": null,
    "created_at": "2026-04-12T16:11:34.281Z",
    "updated_at": "2026-04-12T16:11:34.281Z"
  }
},
{
  "model": "core.projecttask",
  "pk": 1,
  "fields": {
    "project": 1,
    "name": "security",
    "description": "hjhb",
    "assigned_to": 4,
    "due_date": "2026-04-30",
    "completed": false,
    "completed_date": null,
    "notes": "nbnbnb",
    "created_at": "2026-04-12T16:15:31.035Z"
  }
},
{
  "model": "core.projecttask",
  "pk": 2,
  "fields": {
    "project": 1,
    "name": "security",
    "description": "hjhb",
    "assigned_to": 4,
    "due_date": "2026-04-30",
    "completed": false,
    "completed_date": null,
    "notes": "nbnbnb",
    "created_at": "2026-04-12T16:16:27.370Z"
  }
},
{
  "model": "core.projectresource",
  "pk": 1,
  "fields": {
    "project": 1,
    "resource_type": "capital",
    "name": "money",
    "quantity": "1.00",
    "unit": "1",
    "cost": "3000.00",
    "notes": "rwhjh",
    "created_at": "2026-04-12T16:17:26.299Z"
  }
},
{
  "model": "core.projectmilestone",
  "pk": 1,
  "fields": {
    "project": 1,
    "name": "security",
    "target_date": "2026-06-12",
    "achieved_date": null,
    "achieved": false,
    "notes": "rhhjre",
    "created_at": "2026-04-12T16:18:04.713Z"
  }
},
{
  "model": "core.projectmilestone",
  "pk": 2,
  "fields": {
    "project": 1,
    "name": "security",
    "target_date": "2026-06-12",
    "achieved_date": "2026-04-12",
    "achieved": false,
    "notes": "rhhjre",
    "created_at": "2026-04-12T16:19:34.196Z"
  }
},
{
  "model": "core.voicecommand",
  "pk": 1,
  "fields": {
    "command_name": "Check Weather",
    "command_type": "weather",
    "description": "Get current weather forecast for your farm",
    "voice_variants": [
      "what is the weather",
      "weather forecast",
      "how is the weather",
      "check the weather"
    ],
    "handler_function": "handle_weather_check",
    "requires_farm_context": true,
    "requires_parameters": {
      "farm_id": "int"
    },
    "is_active": true,
    "created_at": "2026-07-16T08:07:01.836Z",
    "updated_at": "2026-07-16T08:07:01.836Z"
  }
},
{
  "model": "core.voicecommand",
  "pk": 2,
  "fields": {
    "command_name": "Check Rain Forecast",
    "command_type": "weather",
    "description": "Get rain prediction for the next few days",
    "voice_variants": [
      "will it rain",
      "rain forecast",
      "when will it rain",
      "chance of rain"
    ],
    "handler_function": "handle_rain_forecast",
    "requires_farm_context": true,
    "requires_parameters": {
      "farm_id": "int"
    },
    "is_active": true,
    "created_at": "2026-07-16T08:07:01.856Z",
    "updated_at": "2026-07-16T08:07:01.856Z"
  }
},
{
  "model": "core.voicecommand",
  "pk": 3,
  "fields": {
    "command_name": "Check Crop Prices",
    "command_type": "prices",
    "description": "Get current market prices for crops",
    "voice_variants": [
      "crop prices",
      "market prices",
      "how much for crops",
      "price of maize"
    ],
    "handler_function": "handle_crop_prices",
    "requires_farm_context": false,
    "requires_parameters": {
      "crop": "str"
    },
    "is_active": true,
    "created_at": "2026-07-16T08:07:01.864Z",
    "updated_at": "2026-07-16T08:07:01.864Z"
  }
},
{
  "model": "core.voicecommand",
  "pk": 4,
  "fields": {
    "command_name": "Check Livestock Prices",
    "command_type": "prices",
    "description": "Get current market prices for livestock",
    "voice_variants": [
      "livestock prices",
      "cattle prices",
      "goat prices",
      "animal prices"
    ],
    "handler_function": "handle_livestock_prices",
    "requires_farm_context": false,
    "requires_parameters": {
      "animal_type": "str"
    },
    "is_active": true,
    "created_at": "2026-07-16T08:07:01.870Z",
    "updated_at": "2026-07-16T08:07:01.870Z"
  }
},
{
  "model": "core.voicecommand",
  "pk": 5,
  "fields": {
    "command_name": "Report Pest",
    "command_type": "pest",
    "description": "Report a pest sighting on your farm",
    "voice_variants": [
      "report pest",
      "i see pests",
      "pest problem",
      "found bugs"
    ],
    "handler_function": "handle_pest_report",
    "requires_farm_context": true,
    "requires_parameters": {
      "farm_id": "int",
      "pest_type": "str"
    },
    "is_active": true,
    "created_at": "2026-07-16T08:07:01.873Z",
    "updated_at": "2026-07-16T08:07:01.873Z"
  }
},
{
  "model": "core.voicecommand",
  "pk": 6,
  "fields": {
    "command_name": "Get Pest Advice",
    "command_type": "pest",
    "description": "Get advice on treating pest problems",
    "voice_variants": [
      "pest advice",
      "how to treat pests",
      "pest control",
      "get rid of pests"
    ],
    "handler_function": "handle_pest_advice",
    "requires_farm_context": false,
    "requires_parameters": {
      "pest_type": "str"
    },
    "is_active": true,
    "created_at": "2026-07-16T08:07:01.880Z",
    "updated_at": "2026-07-16T08:07:01.880Z"
  }
},
{
  "model": "core.voicecommand",
  "pk": 7,
  "fields": {
    "command_name": "Predict Yield",
    "command_type": "yield",
    "description": "Get yield prediction for your crops",
    "voice_variants": [
      "yield prediction",
      "estimate yield",
      "how much will i harvest",
      "crop yield"
    ],
    "handler_function": "handle_yield_prediction",
    "requires_farm_context": true,
    "requires_parameters": {
      "crop_id": "int",
      "farm_id": "int"
    },
    "is_active": true,
    "created_at": "2026-07-16T08:07:01.886Z",
    "updated_at": "2026-07-16T08:07:01.886Z"
  }
},
{
  "model": "core.voicecommand",
  "pk": 8,
  "fields": {
    "command_name": "Add Farm Task",
    "command_type": "task",
    "description": "Add a new task to your farm schedule",
    "voice_variants": [
      "add task",
      "new task",
      "schedule task",
      "remind me to"
    ],
    "handler_function": "handle_add_task",
    "requires_farm_context": true,
    "requires_parameters": {
      "farm_id": "int",
      "due_date": "date",
      "task_name": "str"
    },
    "is_active": true,
    "created_at": "2026-07-16T08:07:01.894Z",
    "updated_at": "2026-07-16T08:07:01.894Z"
  }
},
{
  "model": "core.voicecommand",
  "pk": 9,
  "fields": {
    "command_name": "List Tasks",
    "command_type": "task",
    "description": "List all pending farm tasks",
    "voice_variants": [
      "show tasks",
      "my tasks",
      "pending tasks",
      "what do i need to do"
    ],
    "handler_function": "handle_list_tasks",
    "requires_farm_context": true,
    "requires_parameters": {
      "farm_id": "int"
    },
    "is_active": true,
    "created_at": "2026-07-16T08:07:01.900Z",
    "updated_at": "2026-07-16T08:07:01.900Z"
  }
},
{
  "model": "core.voicecommand",
  "pk": 10,
  "fields": {
    "command_name": "Set Reminder",
    "command_type": "reminder",
    "description": "Set a reminder for farm activities",
    "voice_variants": [
      "set reminder",
      "remind me",
      "add reminder",
      "don't forget to"
    ],
    "handler_function": "handle_set_reminder",
    "requires_farm_context": false,
    "requires_parameters": {
      "reminder_text": "str",
      "reminder_time": "datetime"
    },
    "is_active": true,
    "created_at": "2026-07-16T08:07:01.914Z",
    "updated_at": "2026-07-16T08:07:01.914Z"
  }
},
{
  "model": "core.voicecommand",
  "pk": 11,
  "fields": {
    "command_name": "Check Alerts",
    "command_type": "alert",
    "description": "Check for important farm alerts",
    "voice_variants": [
      "check alerts",
      "any alerts",
      "show alerts",
      "important notifications"
    ],
    "handler_function": "handle_check_alerts",
    "requires_farm_context": true,
    "requires_parameters": {
      "farm_id": "int"
    },
    "is_active": true,
    "created_at": "2026-07-16T08:07:01.917Z",
    "updated_at": "2026-07-16T08:07:01.917Z"
  }
},
{
  "model": "core.voicecommand",
  "pk": 12,
  "fields": {
    "command_name": "Get Farming Advice",
    "command_type": "advice",
    "description": "Get general farming advice and tips",
    "voice_variants": [
      "farming advice",
      "agriculture tips",
      "farming tips",
      "help with farming"
    ],
    "handler_function": "handle_farming_advice",
    "requires_farm_context": false,
    "requires_parameters": {
      "topic": "str"
    },
    "is_active": true,
    "created_at": "2026-07-16T08:07:01.919Z",
    "updated_at": "2026-07-16T08:07:01.919Z"
  }
},
{
  "model": "core.voicecommand",
  "pk": 13,
  "fields": {
    "command_name": "Check Irrigation",
    "command_type": "task",
    "description": "Check irrigation status and schedule",
    "voice_variants": [
      "irrigation status",
      "check irrigation",
      "water schedule",
      "irrigation needs"
    ],
    "handler_function": "handle_irrigation_check",
    "requires_farm_context": true,
    "requires_parameters": {
      "farm_id": "int"
    },
    "is_active": true,
    "created_at": "2026-07-16T08:07:01.928Z",
    "updated_at": "2026-07-16T08:07:01.928Z"
  }
},
{
  "model": "core.voicecommand",
  "pk": 14,
  "fields": {
    "command_name": "Check Soil Health",
    "command_type": "advice",
    "description": "Get soil health recommendations",
    "voice_variants": [
      "soil health",
      "check soil",
      "soil condition",
      "soil advice"
    ],
    "handler_function": "handle_soil_health",
    "requires_farm_context": true,
    "requires_parameters": {
      "farm_id": "int"
    },
    "is_active": true,
    "created_at": "2026-07-16T08:07:01.940Z",
    "updated_at": "2026-07-16T08:07:01.940Z"
  }
},
{
  "model": "core.voicecommand",
  "pk": 15,
  "fields": {
    "command_name": "Market Analysis",
    "command_type": "prices",
    "description": "Get market analysis and trends",
    "voice_variants": [
      "market analysis",
      "market trends",
      "price trends",
      "market outlook"
    ],
    "handler_function": "handle_market_analysis",
    "requires_farm_context": false,
    "requires_parameters": {
      "commodity": "str"
    },
    "is_active": true,
    "created_at": "2026-07-16T08:07:01.946Z",
    "updated_at": "2026-07-16T08:07:01.946Z"
  }
},
{
  "model": "core.voicepreference",
  "pk": 1,
  "fields": {
    "user": 1,
    "is_enabled": true,
    "preferred_language": "en",
    "speech_rate": 1.0,
    "volume_level": 70,
    "tts_provider": "local",
    "stt_provider": "local",
    "auto_read_responses": true,
    "show_transcriptions": true,
    "save_audio_logs": false,
    "enable_voice_alerts": true,
    "alert_volume": 100,
    "created_at": "2026-07-16T08:04:30.692Z",
    "updated_at": "2026-07-16T08:04:50.971Z"
  }
},
{
  "model": "core.voicecommandhistory",
  "pk": 1,
  "fields": {
    "user": 1,
    "command": null,
    "command_text": "What are the crop prices",
    "parameters": {},
    "success": false,
    "result_summary": "I encountered an error processing your request: get() returned more than one VoiceCommand -- it returned 3!",
    "user_helpful": null,
    "user_notes": "",
    "executed_at": "2026-07-16T08:51:11.231Z"
  }
},
{
  "model": "core.voicecommandhistory",
  "pk": 2,
  "fields": {
    "user": 1,
    "command": null,
    "command_text": "What are the crop prices",
    "parameters": {},
    "success": false,
    "result_summary": "I encountered an error processing your request: cannot import name 'Crop' from 'core.models' (C:\\Users\\Zarchy\\farmwise\\core\\models.py)",
    "user_helpful": null,
    "user_notes": "",
    "executed_at": "2026-07-16T08:52:48.286Z"
  }
},
{
  "model": "core.voicecommandhistory",
  "pk": 3,
  "fields": {
    "user": 1,
    "command": null,
    "command_text": "Check the weather",
    "parameters": {},
    "success": false,
    "result_summary": "I didn't understand that command. You can ask about weather, prices, pest reports, yield predictions, or alerts.",
    "user_helpful": null,
    "user_notes": "",
    "executed_at": "2026-07-16T08:52:58.442Z"
  }
},
{
  "model": "core.voicecommandhistory",
  "pk": 4,
  "fields": {
    "user": 1,
    "command": null,
    "command_text": "What are the crop prices",
    "parameters": {},
    "success": false,
    "result_summary": "I encountered an error processing your request: cannot import name 'Crop' from 'core.models' (C:\\Users\\Zarchy\\farmwise\\core\\models.py)",
    "user_helpful": null,
    "user_notes": "",
    "executed_at": "2026-07-16T08:53:18.538Z"
  }
},
{
  "model": "core.voicecommandhistory",
  "pk": 5,
  "fields": {
    "user": 1,
    "command": null,
    "command_text": "What are the crop prices",
    "parameters": {},
    "success": false,
    "result_summary": "I encountered an error processing your request: cannot import name 'Crop' from 'core.models' (C:\\Users\\Zarchy\\farmwise\\core\\models.py)",
    "user_helpful": null,
    "user_notes": "",
    "executed_at": "2026-07-16T08:57:16.656Z"
  }
},
{
  "model": "core.voicecommandhistory",
  "pk": 6,
  "fields": {
    "user": 1,
    "command": null,
    "command_text": "Report a pest problem",
    "parameters": {},
    "success": true,
    "result_summary": "Error checking pests: 'PestReport' object has no attribute 'pest_name'",
    "user_helpful": null,
    "user_notes": "",
    "executed_at": "2026-07-16T09:00:02.620Z"
  }
},
{
  "model": "core.voicecommandhistory",
  "pk": 7,
  "fields": {
    "user": 1,
    "command": null,
    "command_text": "What are the crop prices",
    "parameters": {},
    "success": true,
    "result_summary": "Error getting prices: cannot import name 'Crop' from 'core.models' (C:\\Users\\Zarchy\\farmwise\\core\\models.py)",
    "user_helpful": null,
    "user_notes": "",
    "executed_at": "2026-07-16T09:01:20.508Z"
  }
},
{
  "model": "core.voicecommandhistory",
  "pk": 8,
  "fields": {
    "user": 1,
    "command": null,
    "command_text": "What are the crop prices",
    "parameters": {},
    "success": true,
    "result_summary": "No market recommendations available.",
    "user_helpful": null,
    "user_notes": "",
    "executed_at": "2026-07-16T09:04:40.758Z"
  }
},
{
  "model": "core.voicecommandhistory",
  "pk": 9,
  "fields": {
    "user": 1,
    "command": null,
    "command_text": "Check the weather",
    "parameters": {},
    "success": false,
    "result_summary": "I can help you with farming questions. Try asking about weather, prices, pests, or crop management.",
    "user_helpful": null,
    "user_notes": "",
    "executed_at": "2026-07-16T09:05:59.050Z"
  }
},
{
  "model": "core.voicecommandhistory",
  "pk": 10,
  "fields": {
    "user": 1,
    "command": null,
    "command_text": "Check the weather",
    "parameters": {},
    "success": false,
    "result_summary": "I can help you with farming questions. Try asking about weather, prices, pests, or crop management.",
    "user_helpful": null,
    "user_notes": "",
    "executed_at": "2026-07-16T09:06:06.648Z"
  }
},
{
  "model": "core.voicecommandhistory",
  "pk": 11,
  "fields": {
    "user": 1,
    "command": null,
    "command_text": "Report a pest problem",
    "parameters": {},
    "success": true,
    "result_summary": "Recent pests reported on fjkff: Colorado Potato Beetle (Leptinotarsa decemlineata) larvae, Caterpillar damage (e.g., Diamondback Moth, Cabbage Looper), Healthy Crop, Potassium Deficiency, Unable to analyze automatically. ",
    "user_helpful": null,
    "user_notes": "",
    "executed_at": "2026-07-16T09:06:06.800Z"
  }
},
{
  "model": "core.voicecommandhistory",
  "pk": 12,
  "fields": {
    "user": 1,
    "command": null,
    "command_text": "Check my farm tasks",
    "parameters": {},
    "success": true,
    "result_summary": "Command recognized but not yet implemented.",
    "user_helpful": null,
    "user_notes": "",
    "executed_at": "2026-07-16T09:06:36.840Z"
  }
},
{
  "model": "core.voicecommandhistory",
  "pk": 13,
  "fields": {
    "user": 1,
    "command": null,
    "command_text": "Check the weather",
    "parameters": {},
    "success": false,
    "result_summary": "I can help you with farming questions. Try asking about weather, prices, pests, or crop management.",
    "user_helpful": null,
    "user_notes": "",
    "executed_at": "2026-07-16T09:10:36.508Z"
  }
},
{
  "model": "core.voicecommandhistory",
  "pk": 14,
  "fields": {
    "user": 1,
    "command": null,
    "command_text": "Check the weather",
    "parameters": {},
    "success": false,
    "result_summary": "I can help you with farming questions. Try asking about weather, prices, pests, or crop management.",
    "user_helpful": null,
    "user_notes": "",
    "executed_at": "2026-07-16T09:13:06.748Z"
  }
},
{
  "model": "core.voicecommandhistory",
  "pk": 15,
  "fields": {
    "user": 1,
    "command": null,
    "command_text": "Check the weather",
    "parameters": {},
    "success": false,
    "result_summary": "I can help you with farming questions. Try asking about weather, prices, pests, or crop management.",
    "user_helpful": null,
    "user_notes": "",
    "executed_at": "2026-07-16T09:13:10.779Z"
  }
},
{
  "model": "core.voicecommandhistory",
  "pk": 16,
  "fields": {
    "user": 1,
    "command": null,
    "command_text": "Check the weather",
    "parameters": {},
    "success": false,
    "result_summary": "I can help you with farming questions. Try asking about weather, prices, pests, or crop management.",
    "user_helpful": null,
    "user_notes": "",
    "executed_at": "2026-07-16T09:15:29.033Z"
  }
},
{
  "model": "core.voicecommandhistory",
  "pk": 17,
  "fields": {
    "user": 1,
    "command": null,
    "command_text": "Check the weather",
    "parameters": {},
    "success": true,
    "result_summary": "I can help with farming questions. Try asking about weather, prices, pests, yield predictions, or alerts. For specific advice, please provide details about your crops and location.",
    "user_helpful": null,
    "user_notes": "",
    "executed_at": "2026-07-16T09:17:30.828Z"
  }
},
{
  "model": "core.voicecommandhistory",
  "pk": 18,
  "fields": {
    "user": 1,
    "command": null,
    "command_text": "in muzarabani",
    "parameters": {},
    "success": true,
    "result_summary": "I can help with farming questions. Try asking about weather, prices, pests, yield predictions, or alerts. For specific advice, please provide details about your crops and location.",
    "user_helpful": null,
    "user_notes": "",
    "executed_at": "2026-07-16T09:18:13.945Z"
  }
},
{
  "model": "core.voicecommandhistory",
  "pk": 19,
  "fields": {
    "user": 1,
    "command": null,
    "command_text": "tomatoes in Muzarabani",
    "parameters": {},
    "success": true,
    "result_summary": "I can help with farming questions. Try asking about weather, prices, pests, yield predictions, or alerts. For specific advice, please provide details about your crops and location.",
    "user_helpful": null,
    "user_notes": "",
    "executed_at": "2026-07-16T09:18:42.283Z"
  }
},
{
  "model": "core.voicecommandhistory",
  "pk": 20,
  "fields": {
    "user": 1,
    "command": null,
    "command_text": "tomatoes in Muzarabani",
    "parameters": {},
    "success": true,
    "result_summary": "I understand you're asking about: tomatoes in Muzarabani. For specific farming advice about your location and crops, please provide more details and I'll give you detailed guidance.",
    "user_helpful": null,
    "user_notes": "",
    "executed_at": "2026-07-16T09:22:25.749Z"
  }
},
{
  "model": "core.voicecommandhistory",
  "pk": 21,
  "fields": {
    "user": 1,
    "command": null,
    "command_text": "Check the weather",
    "parameters": {},
    "success": true,
    "result_summary": "I understand you're asking about: Check the weather. For specific farming advice about your location and crops, please provide more details and I'll give you detailed guidance.",
    "user_helpful": null,
    "user_notes": "",
    "executed_at": "2026-07-16T09:22:39.101Z"
  }
},
{
  "model": "core.voicecommandhistory",
  "pk": 22,
  "fields": {
    "user": 1,
    "command": null,
    "command_text": "Check the weather",
    "parameters": {},
    "success": true,
    "result_summary": "I understand you're asking about: Check the weather. For specific farming advice about your location and crops, please provide more details and I'll give you detailed guidance.",
    "user_helpful": null,
    "user_notes": "",
    "executed_at": "2026-07-16T09:24:44.635Z"
  }
},
{
  "model": "core.voicecommandhistory",
  "pk": 23,
  "fields": {
    "user": 1,
    "command": null,
    "command_text": "Check the weather",
    "parameters": {},
    "success": true,
    "result_summary": "I understand you're asking about: Check the weather. For specific farming advice about your location and crops, please provide more details and I'll give you detailed guidance.",
    "user_helpful": null,
    "user_notes": "",
    "executed_at": "2026-07-16T09:26:16.309Z"
  }
},
{
  "model": "core.voicecommandhistory",
  "pk": 24,
  "fields": {
    "user": 1,
    "command": null,
    "command_text": "What are the crop prices",
    "parameters": {},
    "success": true,
    "result_summary": "I understand you're asking about: What are the crop prices. For specific farming advice about your location and crops, please provide more details and I'll give you detailed guidance.",
    "user_helpful": null,
    "user_notes": "",
    "executed_at": "2026-07-16T09:27:19.967Z"
  }
},
{
  "model": "core.voicecommandhistory",
  "pk": 25,
  "fields": {
    "user": 1,
    "command": null,
    "command_text": "Report a pest problem",
    "parameters": {},
    "success": true,
    "result_summary": "I understand you're asking about: Report a pest problem. For specific farming advice about your location and crops, please provide more details and I'll give you detailed guidance.",
    "user_helpful": null,
    "user_notes": "",
    "executed_at": "2026-07-16T09:27:37.819Z"
  }
},
{
  "model": "core.voicecommandhistory",
  "pk": 26,
  "fields": {
    "user": 1,
    "command": null,
    "command_text": "Report a pest problem",
    "parameters": {},
    "success": true,
    "result_summary": "I understand you're asking about: Report a pest problem. For specific farming advice about your location and crops, please provide more details and I'll give you detailed guidance.",
    "user_helpful": null,
    "user_notes": "",
    "executed_at": "2026-07-16T09:27:44.086Z"
  }
},
{
  "model": "core.voicecommandhistory",
  "pk": 27,
  "fields": {
    "user": 1,
    "command": null,
    "command_text": "Report a pest problem",
    "parameters": {},
    "success": true,
    "result_summary": "I understand you're asking about: Report a pest problem. For specific farming advice about your location and crops, please provide more details and I'll give you detailed guidance.",
    "user_helpful": null,
    "user_notes": "",
    "executed_at": "2026-07-16T09:27:44.100Z"
  }
},
{
  "model": "core.voicecommandhistory",
  "pk": 28,
  "fields": {
    "user": 1,
    "command": null,
    "command_text": "Check my farm tasks",
    "parameters": {},
    "success": true,
    "result_summary": "I understand you're asking about: Check my farm tasks. For specific farming advice about your location and crops, please provide more details and I'll give you detailed guidance.",
    "user_helpful": null,
    "user_notes": "",
    "executed_at": "2026-07-16T09:27:52.020Z"
  }
},
{
  "model": "core.voicecommandhistory",
  "pk": 29,
  "fields": {
    "user": 1,
    "command": null,
    "command_text": "Check my farm tasks",
    "parameters": {},
    "success": true,
    "result_summary": "I understand you're asking about: Check my farm tasks. For specific farming advice about your location and crops, please provide more details and I'll give you detailed guidance.",
    "user_helpful": null,
    "user_notes": "",
    "executed_at": "2026-07-16T09:27:58.801Z"
  }
},
{
  "model": "core.voicecommandhistory",
  "pk": 30,
  "fields": {
    "user": 1,
    "command": null,
    "command_text": "Check the weather",
    "parameters": {},
    "success": true,
    "result_summary": "I understand you're asking about: Check the weather. For specific farming advice about your location and crops, please provide more details and I'll give you detailed guidance.",
    "user_helpful": null,
    "user_notes": "",
    "executed_at": "2026-07-16T09:28:52.016Z"
  }
},
{
  "model": "core.voicecommandhistory",
  "pk": 31,
  "fields": {
    "user": 1,
    "command": null,
    "command_text": "Check the weather",
    "parameters": {},
    "success": true,
    "result_summary": "I understand you're asking about: Check the weather. For specific farming advice about your location and crops, please provide more details and I'll give you detailed guidance.",
    "user_helpful": null,
    "user_notes": "",
    "executed_at": "2026-07-16T09:29:59.192Z"
  }
},
{
  "model": "core.voicecommandhistory",
  "pk": 32,
  "fields": {
    "user": 1,
    "command": null,
    "command_text": "What are the crop prices",
    "parameters": {},
    "success": true,
    "result_summary": "I understand you're asking about: What are the crop prices. For specific farming advice about your location and crops, please provide more details and I'll give you detailed guidance.",
    "user_helpful": null,
    "user_notes": "",
    "executed_at": "2026-07-16T09:30:38.052Z"
  }
},
{
  "model": "core.voicecommandhistory",
  "pk": 33,
  "fields": {
    "user": 1,
    "command": null,
    "command_text": "Set a reminder",
    "parameters": {},
    "success": true,
    "result_summary": "I understand you're asking about: Set a reminder. For specific farming advice about your location and crops, please provide more details and I'll give you detailed guidance.",
    "user_helpful": null,
    "user_notes": "",
    "executed_at": "2026-07-16T09:30:47.190Z"
  }
},
{
  "model": "core.voicecommandhistory",
  "pk": 34,
  "fields": {
    "user": 1,
    "command": null,
    "command_text": "Check the weather",
    "parameters": {},
    "success": true,
    "result_summary": "I understand you're asking about: Check the weather. For specific farming advice about your location and crops, please provide more details and I'll give you detailed guidance.",
    "user_helpful": null,
    "user_notes": "",
    "executed_at": "2026-07-16T09:31:43.933Z"
  }
},
{
  "model": "core.voicecommandhistory",
  "pk": 35,
  "fields": {
    "user": 1,
    "command": null,
    "command_text": "Check the weather",
    "parameters": {},
    "success": true,
    "result_summary": "I understand you're asking about: Check the weather. For specific farming advice about your location and crops, please provide more details and I'll give you detailed guidance.",
    "user_helpful": null,
    "user_notes": "",
    "executed_at": "2026-07-16T09:31:49.130Z"
  }
},
{
  "model": "core.voicecommandhistory",
  "pk": 36,
  "fields": {
    "user": 1,
    "command": null,
    "command_text": "Check the weather",
    "parameters": {},
    "success": true,
    "result_summary": "I understand you're asking about: Check the weather. For specific farming advice about your location and crops, please provide more details and I'll give you detailed guidance.",
    "user_helpful": null,
    "user_notes": "",
    "executed_at": "2026-07-16T09:36:49.190Z"
  }
},
{
  "model": "core.voicecommandhistory",
  "pk": 37,
  "fields": {
    "user": 1,
    "command": null,
    "command_text": "What are the crop prices",
    "parameters": {},
    "success": true,
    "result_summary": "I understand you're asking about: What are the crop prices. For specific farming advice about your location and crops, please provide more details and I'll give you detailed guidance.",
    "user_helpful": null,
    "user_notes": "",
    "executed_at": "2026-07-16T09:40:57.714Z"
  }
},
{
  "model": "core.voicecommandhistory",
  "pk": 38,
  "fields": {
    "user": 1,
    "command": null,
    "command_text": "Check the weather",
    "parameters": {},
    "success": true,
    "result_summary": "I understand you're asking about: Check the weather. For specific farming advice about your location and crops, please provide more details and I'll give you detailed guidance.",
    "user_helpful": null,
    "user_notes": "",
    "executed_at": "2026-07-16T09:41:50.430Z"
  }
},
{
  "model": "core.voicecommandhistory",
  "pk": 39,
  "fields": {
    "user": 1,
    "command": null,
    "command_text": "Check the weather",
    "parameters": {},
    "success": true,
    "result_summary": "I understand you're asking about: Check the weather. For specific farming advice about your location and crops, please provide more details and I'll give you detailed guidance.",
    "user_helpful": null,
    "user_notes": "",
    "executed_at": "2026-07-16T09:41:52.199Z"
  }
},
{
  "model": "core.voicecommandhistory",
  "pk": 40,
  "fields": {
    "user": 1,
    "command": null,
    "command_text": "Check the weather",
    "parameters": {},
    "success": true,
    "result_summary": "I understand you're asking about: Check the weather. For specific farming advice about your location and crops, please provide more details and I'll give you detailed guidance.",
    "user_helpful": null,
    "user_notes": "",
    "executed_at": "2026-07-16T09:41:54.194Z"
  }
},
{
  "model": "core.voicecommandhistory",
  "pk": 41,
  "fields": {
    "user": 1,
    "command": null,
    "command_text": "Check the weather",
    "parameters": {},
    "success": true,
    "result_summary": "I understand you're asking about: Check the weather. For specific farming advice about your location and crops, please provide more details and I'll give you detailed guidance.",
    "user_helpful": null,
    "user_notes": "",
    "executed_at": "2026-07-16T09:41:54.287Z"
  }
},
{
  "model": "core.voicecommandhistory",
  "pk": 42,
  "fields": {
    "user": 1,
    "command": null,
    "command_text": "Check the weather",
    "parameters": {},
    "success": true,
    "result_summary": "I understand you're asking about: Check the weather. For specific farming advice about your location and crops, please provide more details and I'll give you detailed guidance.",
    "user_helpful": null,
    "user_notes": "",
    "executed_at": "2026-07-16T09:41:57.909Z"
  }
},
{
  "model": "core.voicecommandhistory",
  "pk": 43,
  "fields": {
    "user": 1,
    "command": null,
    "command_text": "Check the weather",
    "parameters": {},
    "success": true,
    "result_summary": "I understand you're asking about: Check the weather. For specific farming advice about your location and crops, please provide more details and I'll give you detailed guidance.",
    "user_helpful": null,
    "user_notes": "",
    "executed_at": "2026-07-16T09:43:04.187Z"
  }
},
{
  "model": "core.voicecommandhistory",
  "pk": 44,
  "fields": {
    "user": 1,
    "command": null,
    "command_text": "Check the weather",
    "parameters": {},
    "success": true,
    "result_summary": "I understand you're asking about: Check the weather. For specific farming advice about your location and crops, please provide more details and I'll give you detailed guidance.",
    "user_helpful": null,
    "user_notes": "",
    "executed_at": "2026-07-16T09:43:10.508Z"
  }
},
{
  "model": "core.voicecommandhistory",
  "pk": 45,
  "fields": {
    "user": 1,
    "command": null,
    "command_text": "What are the crop prices",
    "parameters": {},
    "success": true,
    "result_summary": "I understand you're asking about: What are the crop prices. For specific farming advice about your location and crops, please provide more details and I'll give you detailed guidance.",
    "user_helpful": null,
    "user_notes": "",
    "executed_at": "2026-07-16T09:46:10.948Z"
  }
},
{
  "model": "core.voicecommandhistory",
  "pk": 46,
  "fields": {
    "user": 1,
    "command": null,
    "command_text": "Check the weather",
    "parameters": {},
    "success": true,
    "result_summary": "To provide the most helpful and practical response, I'd like to know a bit more about your location and the specific weather information you're looking for. \n\nCould you please tell me:\n1. Your geographic location (city, state, or region)?\n2. What type of weather information are you looking for (current weather, forecast, warnings, etc.)?\n3. Are you looking for weather information for a specific agricultural purpose, such as planting, harvesting, or irrigation scheduling?\n\nWith this information, ",
    "user_helpful": null,
    "user_notes": "",
    "executed_at": "2026-07-16T09:49:10.584Z"
  }
},
{
  "model": "core.voicecommandhistory",
  "pk": 47,
  "fields": {
    "user": 1,
    "command": null,
    "command_text": "Report a pest problem",
    "parameters": {},
    "success": true,
    "result_summary": "To effectively address the pest problem, I need more information. Can you please provide the following details:\n\n1. **Geographic location**: Where is your farm located (country, region, or city)? This will help me understand the local climate, pest species, and potential control methods.\n2. **Type of crop or plant affected**: What crop or plant is being affected by the pest (e.g., maize, tomatoes, soybeans, etc.)?\n3. **Pest description**: Can you describe the pest you're experiencing (e.g., inse",
    "user_helpful": null,
    "user_notes": "",
    "executed_at": "2026-07-16T09:49:45.944Z"
  }
},
{
  "model": "core.voicecommandhistory",
  "pk": 48,
  "fields": {
    "user": 1,
    "command": null,
    "command_text": "Check my farm tasks",
    "parameters": {},
    "success": true,
    "result_summary": "Hello! As your agricultural AI assistant, I'd be happy to help you check your farm tasks. However, I need a bit more information to provide a more accurate and helpful response.\n\nCould you please provide me with the following details:\n\n1. What type of farm do you have (e.g., crop farm, livestock farm, mixed farm)?\n2. What is your geographic location and climate zone?\n3. What are the specific crops or livestock you are currently managing?\n4. What is your farm size and scale (e.g., smallholder, co",
    "user_helpful": null,
    "user_notes": "",
    "executed_at": "2026-07-16T09:50:03.369Z"
  }
},
{
  "model": "core.voicecommandhistory",
  "pk": 49,
  "fields": {
    "user": 1,
    "command": null,
    "command_text": "Check the weather",
    "parameters": {},
    "success": true,
    "result_summary": "To provide you with the most accurate and helpful weather information, I'd like to know a bit more about your location. Could you please tell me:\n\n1. What is your geographic location (city, state, or region)?\n2. What is your climate zone (tropical, temperate, desert, etc.)?\n3. Are you looking for current weather conditions or a forecast for a specific period (e.g., today, tomorrow, this week)?\n\nThis information will help me give you a more tailored response to your weather inquiry.\n\nAdditionally",
    "user_helpful": null,
    "user_notes": "",
    "executed_at": "2026-07-16T09:57:24.974Z"
  }
},
{
  "model": "core.voicecommandhistory",
  "pk": 50,
  "fields": {
    "user": 1,
    "command": null,
    "command_text": "Check the weather",
    "parameters": {},
    "success": true,
    "result_summary": "Given the coordinates of your farms in Zimbabwe, I've analyzed the weather patterns for those areas. The coordinates provided are:\n\n1. (-17.864465977524123, 31.035449977498505) - This location appears to be near Harare, the capital city of Zimbabwe.\n2. (-17.864465977524123, 31.035449977498505) - This is a duplicate of the first coordinate.\n3. (-18.974656, 32.670473) - This location seems to be in the eastern part of Zimbabwe, possibly near the city of Mutare.\n\n**Climate and Weather Patterns:**\nZ",
    "user_helpful": null,
    "user_notes": "",
    "executed_at": "2026-07-16T09:59:52.985Z"
  }
},
{
  "model": "core.chatsession",
  "pk": 1,
  "fields": {
    "user": 1,
    "farm": null,
    "title": "Chat Session",
    "status": "active",
    "language": "en",
    "context_data": {},
    "message_count": 0,
    "started_at": "2026-07-15T14:41:15.945Z",
    "ended_at": null,
    "user_satisfaction": null,
    "feedback": ""
  }
},
{
  "model": "core.chatsession",
  "pk": 2,
  "fields": {
    "user": 1,
    "farm": null,
    "title": "New Chat",
    "status": "active",
    "language": "en",
    "context_data": {},
    "message_count": 14,
    "started_at": "2026-07-15T14:41:42.412Z",
    "ended_at": null,
    "user_satisfaction": null,
    "feedback": ""
  }
},
{
  "model": "core.chatsession",
  "pk": 3,
  "fields": {
    "user": 1,
    "farm": null,
    "title": "Voice Assistant",
    "status": "active",
    "language": "en",
    "context_data": {},
    "message_count": 0,
    "started_at": "2026-07-16T09:26:09.313Z",
    "ended_at": null,
    "user_satisfaction": null,
    "feedback": ""
  }
},
{
  "model": "core.chatsession",
  "pk": 4,
  "fields": {
    "user": 1,
    "farm": null,
    "title": "Voice Assistant",
    "status": "active",
    "language": "en",
    "context_data": {},
    "message_count": 0,
    "started_at": "2026-07-16T09:27:10.670Z",
    "ended_at": null,
    "user_satisfaction": null,
    "feedback": ""
  }
},
{
  "model": "core.chatsession",
  "pk": 5,
  "fields": {
    "user": 1,
    "farm": null,
    "title": "Voice Assistant",
    "status": "active",
    "language": "en",
    "context_data": {},
    "message_count": 0,
    "started_at": "2026-07-16T09:27:28.550Z",
    "ended_at": null,
    "user_satisfaction": null,
    "feedback": ""
  }
},
{
  "model": "core.chatsession",
  "pk": 6,
  "fields": {
    "user": 1,
    "farm": null,
    "title": "Voice Assistant",
    "status": "active",
    "language": "en",
    "context_data": {},
    "message_count": 0,
    "started_at": "2026-07-16T09:27:34.703Z",
    "ended_at": null,
    "user_satisfaction": null,
    "feedback": ""
  }
},
{
  "model": "core.chatsession",
  "pk": 7,
  "fields": {
    "user": 1,
    "farm": null,
    "title": "Voice Assistant",
    "status": "active",
    "language": "en",
    "context_data": {},
    "message_count": 0,
    "started_at": "2026-07-16T09:27:37.897Z",
    "ended_at": null,
    "user_satisfaction": null,
    "feedback": ""
  }
},
{
  "model": "core.chatsession",
  "pk": 8,
  "fields": {
    "user": 1,
    "farm": null,
    "title": "Voice Assistant",
    "status": "active",
    "language": "en",
    "context_data": {},
    "message_count": 0,
    "started_at": "2026-07-16T09:27:43.922Z",
    "ended_at": null,
    "user_satisfaction": null,
    "feedback": ""
  }
},
{
  "model": "core.chatsession",
  "pk": 9,
  "fields": {
    "user": 1,
    "farm": null,
    "title": "Voice Assistant",
    "status": "active",
    "language": "en",
    "context_data": {},
    "message_count": 0,
    "started_at": "2026-07-16T09:27:45.088Z",
    "ended_at": null,
    "user_satisfaction": null,
    "feedback": ""
  }
},
{
  "model": "core.chatsession",
  "pk": 10,
  "fields": {
    "user": 1,
    "farm": null,
    "title": "Voice Assistant",
    "status": "active",
    "language": "en",
    "context_data": {},
    "message_count": 0,
    "started_at": "2026-07-16T09:28:43.697Z",
    "ended_at": null,
    "user_satisfaction": null,
    "feedback": ""
  }
},
{
  "model": "core.chatsession",
  "pk": 11,
  "fields": {
    "user": 1,
    "farm": null,
    "title": "Voice Assistant",
    "status": "active",
    "language": "en",
    "context_data": {},
    "message_count": 0,
    "started_at": "2026-07-16T09:29:49.849Z",
    "ended_at": null,
    "user_satisfaction": null,
    "feedback": ""
  }
},
{
  "model": "core.chatsession",
  "pk": 12,
  "fields": {
    "user": 1,
    "farm": null,
    "title": "Voice Assistant",
    "status": "active",
    "language": "en",
    "context_data": {},
    "message_count": 0,
    "started_at": "2026-07-16T09:30:31.625Z",
    "ended_at": null,
    "user_satisfaction": null,
    "feedback": ""
  }
},
{
  "model": "core.chatsession",
  "pk": 13,
  "fields": {
    "user": 1,
    "farm": null,
    "title": "Voice Assistant",
    "status": "active",
    "language": "en",
    "context_data": {},
    "message_count": 0,
    "started_at": "2026-07-16T09:30:42.913Z",
    "ended_at": null,
    "user_satisfaction": null,
    "feedback": ""
  }
},
{
  "model": "core.chatsession",
  "pk": 14,
  "fields": {
    "user": 1,
    "farm": null,
    "title": "Voice Assistant",
    "status": "active",
    "language": "en",
    "context_data": {},
    "message_count": 0,
    "started_at": "2026-07-16T09:31:33.686Z",
    "ended_at": null,
    "user_satisfaction": null,
    "feedback": ""
  }
},
{
  "model": "core.chatsession",
  "pk": 15,
  "fields": {
    "user": 1,
    "farm": null,
    "title": "Voice Assistant",
    "status": "active",
    "language": "en",
    "context_data": {},
    "message_count": 0,
    "started_at": "2026-07-16T09:31:43.565Z",
    "ended_at": null,
    "user_satisfaction": null,
    "feedback": ""
  }
},
{
  "model": "core.chatsession",
  "pk": 16,
  "fields": {
    "user": 1,
    "farm": null,
    "title": "Voice Assistant",
    "status": "active",
    "language": "en",
    "context_data": {},
    "message_count": 0,
    "started_at": "2026-07-16T09:36:38.657Z",
    "ended_at": null,
    "user_satisfaction": null,
    "feedback": ""
  }
},
{
  "model": "core.chatsession",
  "pk": 17,
  "fields": {
    "user": 1,
    "farm": null,
    "title": "Voice Assistant",
    "status": "active",
    "language": "en",
    "context_data": {},
    "message_count": 0,
    "started_at": "2026-07-16T09:40:38.168Z",
    "ended_at": null,
    "user_satisfaction": null,
    "feedback": ""
  }
},
{
  "model": "core.chatsession",
  "pk": 18,
  "fields": {
    "user": 1,
    "farm": null,
    "title": "Voice Assistant",
    "status": "active",
    "language": "en",
    "context_data": {},
    "message_count": 0,
    "started_at": "2026-07-16T09:41:40.744Z",
    "ended_at": null,
    "user_satisfaction": null,
    "feedback": ""
  }
},
{
  "model": "core.chatsession",
  "pk": 19,
  "fields": {
    "user": 1,
    "farm": null,
    "title": "Voice Assistant",
    "status": "active",
    "language": "en",
    "context_data": {},
    "message_count": 0,
    "started_at": "2026-07-16T09:41:47.589Z",
    "ended_at": null,
    "user_satisfaction": null,
    "feedback": ""
  }
},
{
  "model": "core.chatsession",
  "pk": 20,
  "fields": {
    "user": 1,
    "farm": null,
    "title": "Voice Assistant",
    "status": "active",
    "language": "en",
    "context_data": {},
    "message_count": 0,
    "started_at": "2026-07-16T09:41:49.024Z",
    "ended_at": null,
    "user_satisfaction": null,
    "feedback": ""
  }
},
{
  "model": "core.chatsession",
  "pk": 21,
  "fields": {
    "user": 1,
    "farm": null,
    "title": "Voice Assistant",
    "status": "active",
    "language": "en",
    "context_data": {},
    "message_count": 0,
    "started_at": "2026-07-16T09:41:50.633Z",
    "ended_at": null,
    "user_satisfaction": null,
    "feedback": ""
  }
},
{
  "model": "core.chatsession",
  "pk": 22,
  "fields": {
    "user": 1,
    "farm": null,
    "title": "Voice Assistant",
    "status": "active",
    "language": "en",
    "context_data": {},
    "message_count": 0,
    "started_at": "2026-07-16T09:41:51.047Z",
    "ended_at": null,
    "user_satisfaction": null,
    "feedback": ""
  }
},
{
  "model": "core.chatsession",
  "pk": 23,
  "fields": {
    "user": 1,
    "farm": null,
    "title": "Voice Assistant",
    "status": "active",
    "language": "en",
    "context_data": {},
    "message_count": 0,
    "started_at": "2026-07-16T09:43:00.053Z",
    "ended_at": null,
    "user_satisfaction": null,
    "feedback": ""
  }
},
{
  "model": "core.chatsession",
  "pk": 24,
  "fields": {
    "user": 1,
    "farm": null,
    "title": "Voice Assistant",
    "status": "active",
    "language": "en",
    "context_data": {},
    "message_count": 0,
    "started_at": "2026-07-16T09:43:06.862Z",
    "ended_at": null,
    "user_satisfaction": null,
    "feedback": ""
  }
},
{
  "model": "core.chatsession",
  "pk": 25,
  "fields": {
    "user": 1,
    "farm": null,
    "title": "Voice Assistant",
    "status": "active",
    "language": "en",
    "context_data": {},
    "message_count": 0,
    "started_at": "2026-07-16T09:46:07.273Z",
    "ended_at": null,
    "user_satisfaction": null,
    "feedback": ""
  }
},
{
  "model": "core.chatsession",
  "pk": 26,
  "fields": {
    "user": 1,
    "farm": null,
    "title": "Voice Assistant",
    "status": "active",
    "language": "en",
    "context_data": {},
    "message_count": 0,
    "started_at": "2026-07-16T09:49:06.908Z",
    "ended_at": null,
    "user_satisfaction": null,
    "feedback": ""
  }
},
{
  "model": "core.chatsession",
  "pk": 27,
  "fields": {
    "user": 1,
    "farm": null,
    "title": "Voice Assistant",
    "status": "active",
    "language": "en",
    "context_data": {},
    "message_count": 0,
    "started_at": "2026-07-16T09:49:41.460Z",
    "ended_at": null,
    "user_satisfaction": null,
    "feedback": ""
  }
},
{
  "model": "core.chatsession",
  "pk": 28,
  "fields": {
    "user": 1,
    "farm": null,
    "title": "Voice Assistant",
    "status": "active",
    "language": "en",
    "context_data": {},
    "message_count": 0,
    "started_at": "2026-07-16T09:49:59.769Z",
    "ended_at": null,
    "user_satisfaction": null,
    "feedback": ""
  }
},
{
  "model": "core.chatsession",
  "pk": 29,
  "fields": {
    "user": 1,
    "farm": null,
    "title": "Voice Assistant",
    "status": "active",
    "language": "en",
    "context_data": {},
    "message_count": 0,
    "started_at": "2026-07-16T09:57:21.966Z",
    "ended_at": null,
    "user_satisfaction": null,
    "feedback": ""
  }
},
{
  "model": "core.chatsession",
  "pk": 30,
  "fields": {
    "user": 1,
    "farm": null,
    "title": "Voice Assistant",
    "status": "active",
    "language": "en",
    "context_data": {},
    "message_count": 0,
    "started_at": "2026-07-16T09:59:47.416Z",
    "ended_at": null,
    "user_satisfaction": null,
    "feedback": ""
  }
},
{
  "model": "core.chatmessage",
  "pk": 1,
  "fields": {
    "session": 2,
    "message_type": "user",
    "content": "any crop to grow in mutare",
    "intent": null,
    "confidence_score": 0.0,
    "metadata": {},
    "is_helpful": null,
    "created_at": "2026-07-15T14:48:10.067Z"
  }
},
{
  "model": "core.chatmessage",
  "pk": 2,
  "fields": {
    "session": 2,
    "message_type": "bot",
    "content": "I'm not sure about that. Could you rephrase your question?",
    "intent": null,
    "confidence_score": 0.0,
    "metadata": {},
    "is_helpful": null,
    "created_at": "2026-07-15T14:48:10.108Z"
  }
},
{
  "model": "core.chatmessage",
  "pk": 3,
  "fields": {
    "session": 2,
    "message_type": "user",
    "content": "any recomentation for plants l can grow in Muzarabani",
    "intent": null,
    "confidence_score": 0.0,
    "metadata": {},
    "is_helpful": null,
    "created_at": "2026-07-15T14:48:59.078Z"
  }
},
{
  "model": "core.chatmessage",
  "pk": 4,
  "fields": {
    "session": 2,
    "message_type": "bot",
    "content": "I don't have specific information about that. Try asking about crops, pests, weather, or market prices.",
    "intent": null,
    "confidence_score": 0.0,
    "metadata": {},
    "is_helpful": null,
    "created_at": "2026-07-15T14:48:59.139Z"
  }
},
{
  "model": "core.chatmessage",
  "pk": 5,
  "fields": {
    "session": 2,
    "message_type": "user",
    "content": "types of pests that affect potatoes",
    "intent": null,
    "confidence_score": 0.0,
    "metadata": {
      "crop": "potato"
    },
    "is_helpful": null,
    "created_at": "2026-07-15T14:52:37.613Z"
  }
},
{
  "model": "core.chatmessage",
  "pk": 6,
  "fields": {
    "session": 2,
    "message_type": "bot",
    "content": "I'm not sure about that. Could you rephrase your question?",
    "intent": null,
    "confidence_score": 0.0,
    "metadata": {},
    "is_helpful": null,
    "created_at": "2026-07-15T14:52:37.670Z"
  }
},
{
  "model": "core.chatmessage",
  "pk": 7,
  "fields": {
    "session": 2,
    "message_type": "user",
    "content": "How do I prevent tomato blight?",
    "intent": null,
    "confidence_score": 0.0,
    "metadata": {
      "crop": "tomato",
      "topic": "pest_disease"
    },
    "is_helpful": null,
    "created_at": "2026-07-16T07:30:52.182Z"
  }
},
{
  "model": "core.chatmessage",
  "pk": 8,
  "fields": {
    "session": 2,
    "message_type": "bot",
    "content": "Tell me more about your farming situation! Sharing details like your location, crops/animals, farm size, and specific challenges will help me give you better advice.",
    "intent": null,
    "confidence_score": 0.0,
    "metadata": {},
    "is_helpful": null,
    "created_at": "2026-07-16T07:30:52.240Z"
  }
},
{
  "model": "core.chatmessage",
  "pk": 9,
  "fields": {
    "session": 2,
    "message_type": "user",
    "content": "muzarabani, tomatos",
    "intent": null,
    "confidence_score": 0.0,
    "metadata": {
      "crop": "tomato"
    },
    "is_helpful": null,
    "created_at": "2026-07-16T07:31:44.210Z"
  }
},
{
  "model": "core.chatmessage",
  "pk": 10,
  "fields": {
    "session": 2,
    "message_type": "bot",
    "content": "I can help with farming and agriculture questions! Please be more specific - are you asking about crops, livestock, pest management, soil health, market prices, or something else?",
    "intent": null,
    "confidence_score": 0.0,
    "metadata": {},
    "is_helpful": null,
    "created_at": "2026-07-16T07:31:44.300Z"
  }
},
{
  "model": "core.chatmessage",
  "pk": 11,
  "fields": {
    "session": 2,
    "message_type": "user",
    "content": "Best fertilizer for maize?",
    "intent": null,
    "confidence_score": 0.0,
    "metadata": {
      "crop": "maize",
      "topic": "soil_health"
    },
    "is_helpful": null,
    "created_at": "2026-07-16T07:40:26.407Z"
  }
},
{
  "model": "core.chatmessage",
  "pk": 12,
  "fields": {
    "session": 2,
    "message_type": "bot",
    "content": "Hello there! You're asking a great question about maize fertilization, especially important for farmers in Muzarabani.\n\nTo give you the absolute \"best\" recommendation for fertilizer for your maize, a **recent soil test is the most crucial step.** Without knowing the specific nutrient levels and pH of your soil in Muzarabani, any recommendation would be a general guideline.\n\nHowever, I can give you a comprehensive understanding of what maize needs and how to approach fertilization:\n\n**Key Nutrients Maize Needs and Why:**\n\nMaize is a heavy feeder, especially of Nitrogen (N), Phosphorus (P), and Potassium (K), often referred to as NPK. It also requires several micronutrients.\n\n1.  **Nitrogen (N):**\n    *   **Why it's essential:** Nitrogen is critical for vegetative growth, producing lush green leaves, and forming the plant's protein. It directly impacts yield.\n    *   **Common Fertilizers:** Urea (46% N), Ammonium Nitrate (AN, 34.5% N), Calcium Ammonium Nitrate (CAN, 27% N).\n    *   **Application Strategy:** Maize needs a significant amount of nitrogen. It's usually applied in split doses:\n        *   **Basal Application:** A small amount can be included in a compound fertilizer at planting.\n        *   **Top-dressing:** The majority of nitrogen is applied when the maize plants are actively growing, typically around the V6 to V8 leaf stage (when the plants have 6-8 fully developed leaves), or when they are about knee-high. This ensures the nitrogen is available when the plant has its highest demand.\n\n2.  **Phosphorus (P):**\n    *   **Why it's essential:** Phosphorus is vital for strong root development, early plant vigor, flowering, and grain formation. It's less mobile in the soil, so it needs to be placed where roots can access it early.\n    *   **Common Fertilizers:** Diammonium Phosphate (DAP, 18% N, 46% P2O5), Single Superphosphate (SSP, 0% N, 16% P2O5).\n    *   **Application Strategy:** Phosphorus is best applied **at planting (basal application)**, often as part of a compound NPK fertilizer, and placed near the seed (band application) to ensure early root access.\n\n3.  **Potassium (K):**\n    *   **Why it's essential:** Potassium helps with water regulation within the plant, disease resistance, stalk strength (reducing lodging), and overall grain quality.\n    *   **Common Fertilizers:** Muriate of Potash (MOP, 0% N, 0% P2O5, 60% K2O).\n    *   **Application Strategy:** Like phosphorus, potassium is usually applied **at planting (basal application)** as part of a compound NPK fertilizer.\n\n4.  **Micronutrients:**\n    *   **Why they're essential:** Maize also needs smaller amounts of micronutrients like Zinc (Zn), Boron (B), Manganese (Mn), Iron (Fe), and Copper (Cu). Zinc deficiency is common in maize and can severely impact yield.\n    *   **Application Strategy:** If soil tests indicate deficiencies, these can be applied as foliar sprays or as part of specialized compound fertilizers or soil amendments.\n\n**General Fertilization Program for Maize (without a soil test, apply with caution):**\n\nGiven you're in Muzarabani, here's a general, simplified approach that often works, but always remember a soil test refines this significantly:\n\n1.  **At Planting (Basal Dressing):**\n    *   Apply a compound NPK fertilizer with a higher phosphorus content. Common options in Zimbabwe are **6:23:23** or **7:14:7**.\n    *   **Rate:** A typical starting point is **200-300 kg per hectare**. For smaller plots, this translates to roughly 20-30 grams per square meter.\n    *   **Method:** Place the fertilizer in a band about 5-7 cm away from the seed and 5-7 cm deep, ensuring it doesn't touch the seed directly to avoid \"fertilizer burn.\"\n\n2.  **Top-Dressing (Nitrogen Application):**\n    *   When maize is at the **V6-V8 stage** (about knee-high, 4-6 weeks after emergence depending on growth rate).\n    *   **Fertilizer:** Urea (46% N) or Ammonium Nitrate (34.5% N). Urea is generally more economical but can volatilize (turn into gas) if not incorporated or if there's no rain/irrigation after application. Ammonium Nitrate is less prone to volatilization.\n    *   **Rate:** A common range is **150-250 kg per hectare** for Urea, or 200-350 kg per hectare for Ammonium Nitrate. Again, adjust for smaller plots.\n    *   **Method:** Apply the fertilizer in a band alongside the maize plants, about 10-15 cm from the base of the plant. Avoid letting fertilizer sit on the leaves, as it can burn them. Ideally, apply just before rain or irrigate shortly after.\n\n**The Importance of Soil Testing:**\n\n*   **Saves Money:** You only apply what's needed, avoiding waste on nutrients already abundant in your soil.\n*   **Maximizes Yield:** Ensures all essential nutrients are available in the right amounts, preventing deficiencies.\n*   **Protects the Environment:** Reduces nutrient runoff into water bodies.\n*   **Identifies pH Issues:** Soil pH greatly affects nutrient availability. Maize prefers a pH between 6.0 and 7.0. A soil test will tell you if you need to add lime (to raise pH) or sulfur (to lower pH).\n\n**Practical Tips for Muzarabani:**\n\n*   **Organic Matter:** Incorporate farmyard manure or compost into your soil regularly. This not only adds nutrients but also improves soil structure, water retention, and microbial activity, which are crucial for hot climates like Muzarabani.\n*   **Watering:** Ensure adequate water, especially after fertilizer application and during critical growth stages (tasseling, silking, grain filling). Efficient irrigation methods like drip can be very beneficial.\n*   **Scout for Deficiencies:** Learn to recognize symptoms of nutrient deficiencies (e.g., yellowing leaves starting from the tip in a V-shape for N, purple discoloration for P, yellowing along leaf margins for K).\n\n**What I need from you to give more specific advice:**\n\n*   **Have you done a soil test recently?** If so, what were the results for N, P, K, pH, and organic matter?\n*   **What is your planned yield target?** (e.g., 5 tonnes/ha, 10 tonnes/ha)\n*   **What resources do you have available** (budget for fertilizer, irrigation capacity)?\n\nWith more information, I can help you tailor the best fertilization strategy for your maize in Muzarabani!",
    "intent": null,
    "confidence_score": 0.0,
    "metadata": {},
    "is_helpful": null,
    "created_at": "2026-07-16T07:40:40.310Z"
  }
},
{
  "model": "core.chatmessage",
  "pk": 13,
  "fields": {
    "session": 2,
    "message_type": "user",
    "content": "Drip irrigation setup",
    "intent": null,
    "confidence_score": 0.0,
    "metadata": {
      "topic": "water_management"
    },
    "is_helpful": null,
    "created_at": "2026-07-16T07:42:33.934Z"
  }
},
{
  "model": "core.chatmessage",
  "pk": 14,
  "fields": {
    "session": 2,
    "message_type": "bot",
    "content": "That's an excellent follow-up question! Given our previous discussion about maize in Muzarabani and the importance of efficient water use, setting up a drip irrigation system is a very smart move. It's one of the most water-efficient methods and can significantly boost your maize yield, especially in areas with limited or inconsistent rainfall.\n\nDrip irrigation delivers water directly to the root zone of your plants, minimizing evaporation and runoff. It also allows for **fertigation** (applying fertilizers through the irrigation system), which is incredibly efficient for maize nutrient delivery.\n\nHere's a comprehensive guide to setting up a drip irrigation system for your maize, keeping practicality and efficiency in mind:\n\n### Benefits of Drip Irrigation for Maize:\n\n*   **Water Efficiency:** Reduces water usage by 30-70% compared to flood or sprinkler irrigation.\n*   **Improved Plant Growth:** Consistent moisture delivery reduces plant stress.\n*   **Reduced Disease:** Leaves remain dry, minimizing the spread of fungal diseases.\n*   **Nutrient Efficiency (Fertigation):** Fertilizers are delivered directly to the root zone, reducing waste and improving uptake.\n*   **Weed Control:** Less water on the soil surface means fewer weeds.\n*   **Suitable for Varied Topography:** Works well on uneven ground.\n\n### Main Components of a Drip Irrigation System:\n\nBefore you start, it's good to understand the key parts:\n\n1.  **Water Source:** Well, borehole, river, dam, storage tank.\n2.  **Pump (if needed):** To create sufficient pressure (e.g., centrifugal pump, submersible pump).\n3.  **Mainline (Header Pipe):** Larger diameter pipe (e.g., PVC or HDPE) that carries water from the source/pump to the sub-main lines.\n4.  **Sub-main Lines:** Slightly smaller diameter pipes branching off the mainline, distributing water to the lateral lines.\n5.  **Filter:** CRITICAL! Prevents clogging of emitters (screen filter or disc filter are common).\n6.  **Pressure Regulator:** Ensures consistent pressure throughout the system, protecting components and ensuring uniform water distribution.\n7.  **Drip Laterals (Drip Tapes/Lines):** Thin-walled polyethylene tubes with pre-installed emitters (drippers) or holes, laid along the crop rows.\n8.  **Emitters/Drippers:** Devices that slowly release water (pre-installed in drip tape, or external buttons/inline drippers).\n9.  **Fittings & Connectors:** Tees, elbows, couplers, reducers, end caps, control valves (for zoning).\n10. **Fertilizer Injector (Venturi or Bypass Tank):** Optional, but highly recommended for efficient nutrient delivery (fertigation).\n\n### Step-by-Step Drip Irrigation Setup for Maize:\n\n#### Phase 1: Planning and Design\n\n1.  **Map Your Farm:**\n    *   Draw a simple sketch of your maize field.\n    *   Mark your water source location.\n    *   Note the layout of your maize rows (row spacing, plant spacing).\n    *   Identify any slopes or obstructions.\n2.  **Calculate Water Requirements:**\n    *   Estimate the daily water needs of your maize crop (this varies by growth stage and climate, but typically 5-8 mm/day during peak growth).\n    *   Determine the flow rate of your chosen drip tape/emitters (e.g., 1.0-2.0 liters per hour per emitter).\n    *   Calculate the total number of emitters and total flow rate needed for your entire field.\n3.  **Assess Your Water Source:**\n    *   What's the available water pressure and flow rate from your source? This will determine if you need a pump and what size.\n    *   Is the water quality good? High sediment content means you'll need a robust filter.\n4.  **Budgeting:**\n    *   Get quotes for components. Drip tape is generally more affordable for annual crops like maize than thicker drip lines.\n    *   Consider installation costs (labor if you're not doing it yourself).\n\n#### Phase 2: Installation\n\n1.  **Prepare the Field:**\n    *   Ensure your field is properly tilled and ready for planting. Drip lines are usually laid *after* land preparation and *before or immediately after* planting maize.\n2.  **Install the Mainline and Sub-main Lines:**\n    *   Lay the larger diameter mainline from your pump/water source, usually along one edge or down the center of your field.\n    *   Branch off with sub-main lines, running perpendicular to your maize rows. These typically run across the top or bottom of your maize beds/rows.\n    *   Bury these pipes slightly or secure them to prevent damage, especially if you anticipate machinery movement.\n3.  **Connect Filter and Pressure Regulator:**\n    *   **Filter:** Install the filter after the pump (if applicable) and before the mainline. This is crucial for preventing clogging. Make sure it's accessible for cleaning.\n    *   **Pressure Regulator:** Install this after the filter, to ensure a consistent, optimal pressure for your drip lines (usually 10-20 PSI or 0.7-1.4 bar for drip tape).\n    *   **Fertilizer Injector (Optional):** If using, install it after the filter and before the mainline.\n4.  **Lay the Drip Laterals (Drip Tapes/Lines):**\n    *   Run one drip line alongside each maize row. If your maize rows are very close, you might run one line between two rows, but for optimal coverage, one line per row is best for maize.\n    *   Connect the drip laterals to the sub-main lines using specialized connectors (grommet take-offs or punch fittings).\n    *   Ensure the emitters are positioned correctly to deliver water near the base of each maize plant. For maize, emitter spacing of 20-40 cm is common, depending on your plant spacing and soil type.\n    *   Lay the drip tape straight and taut to avoid kinks.\n5.  **Secure End Caps:**\n    *   Close off the end of each drip lateral with an end cap or by folding and tying the tape. These should also be designed to be easily opened for flushing.\n6.  **Install Control Valves (Optional but Recommended):**\n    *   If your system is large, install ball valves on your sub-main lines to create \"zones.\" This allows you to irrigate different sections of your field at different times, which can manage pressure better and match specific crop needs.\n\n#### Phase 3: Testing and Operation\n\n1.  **Flush the System:**\n    *   Before attaching all end caps, open the ends of all main, sub-main, and lateral lines and run water through the system for a few minutes. This flushes out any debris that may have entered during installation.\n2.  **Test for Leaks and Uniformity:**\n    *   Close the end caps and slowly open the main valve.\n    *   Check for leaks at all connections.\n    *   Observe the drippers to ensure water is coming out consistently from all of them.\n3.  **Set Irrigation Schedule:**\n    *   Start with short, frequent irrigation cycles (e.g., 30-60 minutes daily) rather than long, infrequent ones.\n    *   Adjust based on soil moisture, weather conditions in Muzarabani, and maize growth stage. Use the \"feel method\" (check soil moisture at root depth) or a simple soil moisture sensor.\n4.  **Implement Fertigation (if applicable):**\n    *   If you have a fertilizer injector, dissolve your water-soluble fertilizers (like urea for top-dressing, or specific micronutrient mixes) in a tank and inject them into the system during irrigation. This is incredibly effective for maize, especially nitrogen.\n\n### Specific Considerations for Maize in Muzarabani:\n\n*   **Row Spacing:** If your maize rows are 75-90 cm apart, run one drip lateral per row.\n*   **Emitter Spacing:** Ensure the emitters are spaced such that the wetting pattern covers the root zone of your maize plants. If you plant at 25-30 cm spacing, emitters at 20-30 cm would be ideal.\n*   **Sunlight Protection:** Drip tape can degrade under intense UV radiation. While designed for it, consider burying it slightly (just a few cm) or covering it with mulch to extend its lifespan.\n*   **Animal Damage:** Keep an eye out for rodents or other animals that might chew through the lines.\n*   **Maintenance:**\n    *   **Clean Filters Regularly:** This is the most common cause of drip system failure. Check and clean your filter daily or every few days, especially if your water source has suspended solids.\n    *   **Flush Laterals:** Periodically (e.g., every 2-4 weeks), open the end caps of your drip lines and flush them to remove any accumulated sediment or debris.\n    *   **Check for Clogging:** If you notice reduced flow or dry spots, check individual emitters for clogging. Sometimes a gentle squeeze can dislodge blockages.\n\n### What I need from you to give more specific advice:\n\n*   **What is the size of your maize field (in hectares or square meters)?**\n*   **What is your water source (e.g., borehole, river, community tap)?**\n*   **Do you have access to electricity for a pump, or are you considering a gravity-fed system?**\n*   **What is your approximate budget for the system?**\n*   **Are you planning to install it yourself or hire someone?**\n\nWith this information, I can help you fine-tune the design and recommend specific components that would best suit your needs in Muzarabani!",
    "intent": null,
    "confidence_score": 0.0,
    "metadata": {},
    "is_helpful": null,
    "created_at": "2026-07-16T07:42:52.424Z"
  }
},
{
  "model": "core.offlinepreference",
  "pk": 1,
  "fields": {
    "user": 1,
    "enable_offline_mode": true,
    "enable_data_caching": true,
    "sync_mode": "auto",
    "sync_frequency_minutes": 30,
    "cache_size_mb": 50,
    "cache_expiry_hours": 24,
    "enable_voice_offline": true,
    "enable_chat_offline": true,
    "enable_market_data_offline": true,
    "background_sync_enabled": true,
    "sync_on_wifi_only": false,
    "created_at": "2026-07-15T10:22:26.492Z",
    "updated_at": "2026-07-15T10:22:26.492Z"
  }
},
{
  "model": "core.offlineanalytics",
  "pk": 1,
  "fields": {
    "user": 1,
    "date": "2026-07-15",
    "times_used_offline": 0,
    "total_offline_time_minutes": 0,
    "voice_commands_processed_offline": 0,
    "chat_messages_processed_offline": 0,
    "features_accessed": [],
    "sync_errors_count": 0,
    "cache_hits": 0,
    "cache_misses": 0
  }
},
{
  "model": "core.diseasecategory",
  "pk": 1,
  "fields": {
    "name": "Fungal",
    "category_type": "fungal",
    "description": "Fungal diseases caused by fungal pathogens",
    "icon": null,
    "created_at": "2026-07-15T06:03:22.933Z",
    "updated_at": "2026-07-15T06:03:22.933Z"
  }
},
{
  "model": "core.diseasecategory",
  "pk": 2,
  "fields": {
    "name": "Bacterial",
    "category_type": "bacterial",
    "description": "Bacterial diseases caused by bacterial pathogens",
    "icon": null,
    "created_at": "2026-07-15T06:03:22.958Z",
    "updated_at": "2026-07-15T06:03:22.958Z"
  }
},
{
  "model": "core.diseasecategory",
  "pk": 3,
  "fields": {
    "name": "Viral",
    "category_type": "viral",
    "description": "Viral diseases caused by viral pathogens",
    "icon": null,
    "created_at": "2026-07-15T06:03:22.960Z",
    "updated_at": "2026-07-15T06:03:22.960Z"
  }
},
{
  "model": "core.disease",
  "pk": 1,
  "fields": {
    "category": 1,
    "name": "Early Blight",
    "scientific_name": "Alternaria solani",
    "description": "Fungal disease affecting tomato and potato causing brown spots on leaves",
    "cause": "",
    "transmission": "",
    "initial_severity": "moderate",
    "progression_rate": 7,
    "is_quarantine_required": false,
    "quarantine_days": 0,
    "created_at": "2026-07-15T06:03:23.004Z",
    "updated_at": "2026-07-15T06:03:23.004Z",
    "affected_crops": [
      7
    ]
  }
},
{
  "model": "core.disease",
  "pk": 2,
  "fields": {
    "category": 1,
    "name": "Rice Blast",
    "scientific_name": "Magnaporthe grisea",
    "description": "Serious fungal disease of rice causing spore-producing lesions",
    "cause": "",
    "transmission": "",
    "initial_severity": "severe",
    "progression_rate": 5,
    "is_quarantine_required": true,
    "quarantine_days": 0,
    "created_at": "2026-07-15T06:06:11.429Z",
    "updated_at": "2026-07-15T06:06:11.429Z",
    "affected_crops": [
      3
    ]
  }
},
{
  "model": "core.disease",
  "pk": 3,
  "fields": {
    "category": 2,
    "name": "Bacterial Wilt",
    "scientific_name": "Xanthomonas vasicola",
    "description": "Bacterial disease causing wilting and leaf streaking",
    "cause": "",
    "transmission": "",
    "initial_severity": "moderate",
    "progression_rate": 10,
    "is_quarantine_required": false,
    "quarantine_days": 0,
    "created_at": "2026-07-15T06:06:11.448Z",
    "updated_at": "2026-07-15T06:06:11.448Z",
    "affected_crops": [
      1
    ]
  }
},
{
  "model": "core.disease",
  "pk": 4,
  "fields": {
    "category": 3,
    "name": "Bean Common Mosaic Virus",
    "scientific_name": "BCMV",
    "description": "Viral disease causing mosaic patterns on leaves",
    "cause": "",
    "transmission": "",
    "initial_severity": "mild",
    "progression_rate": 14,
    "is_quarantine_required": false,
    "quarantine_days": 0,
    "created_at": "2026-07-15T06:06:11.453Z",
    "updated_at": "2026-07-15T06:06:11.453Z",
    "affected_crops": [
      4
    ]
  }
},
{
  "model": "core.symptom",
  "pk": 1,
  "fields": {
    "disease": 1,
    "name": "Brown spots with rings",
    "description": "Symptom: Brown spots with rings",
    "affected_body_part": "leaf",
    "appearance": "",
    "color": null,
    "texture": null,
    "severity_indicator": "moderate",
    "is_primary_symptom": true,
    "keywords": [
      "brown",
      "spots",
      "with",
      "rings"
    ],
    "created_at": "2026-07-15T06:03:23.027Z"
  }
},
{
  "model": "core.symptom",
  "pk": 2,
  "fields": {
    "disease": 1,
    "name": "Yellow halo around spots",
    "description": "Symptom: Yellow halo around spots",
    "affected_body_part": "leaf",
    "appearance": "",
    "color": null,
    "texture": null,
    "severity_indicator": "mild",
    "is_primary_symptom": false,
    "keywords": [
      "yellow",
      "halo",
      "around",
      "spots"
    ],
    "created_at": "2026-07-15T06:03:23.034Z"
  }
},
{
  "model": "core.symptom",
  "pk": 3,
  "fields": {
    "disease": 1,
    "name": "Stem cankers",
    "description": "Symptom: Stem cankers",
    "affected_body_part": "stem",
    "appearance": "",
    "color": null,
    "texture": null,
    "severity_indicator": "severe",
    "is_primary_symptom": false,
    "keywords": [
      "stem",
      "cankers"
    ],
    "created_at": "2026-07-15T06:03:23.037Z"
  }
},
{
  "model": "core.symptom",
  "pk": 4,
  "fields": {
    "disease": 2,
    "name": "Diamond-shaped lesions",
    "description": "Symptom: Diamond-shaped lesions",
    "affected_body_part": "leaf",
    "appearance": "",
    "color": null,
    "texture": null,
    "severity_indicator": "severe",
    "is_primary_symptom": true,
    "keywords": [
      "diamond-shaped",
      "lesions"
    ],
    "created_at": "2026-07-15T06:06:11.437Z"
  }
},
{
  "model": "core.symptom",
  "pk": 5,
  "fields": {
    "disease": 2,
    "name": "Grayish center with brown border",
    "description": "Symptom: Grayish center with brown border",
    "affected_body_part": "leaf",
    "appearance": "",
    "color": null,
    "texture": null,
    "severity_indicator": "moderate",
    "is_primary_symptom": false,
    "keywords": [
      "grayish",
      "center",
      "with",
      "brown",
      "border"
    ],
    "created_at": "2026-07-15T06:06:11.441Z"
  }
},
{
  "model": "core.symptom",
  "pk": 6,
  "fields": {
    "disease": 2,
    "name": "Panicle rot",
    "description": "Symptom: Panicle rot",
    "affected_body_part": "panicle",
    "appearance": "",
    "color": null,
    "texture": null,
    "severity_indicator": "severe",
    "is_primary_symptom": false,
    "keywords": [
      "panicle",
      "rot"
    ],
    "created_at": "2026-07-15T06:06:11.445Z"
  }
},
{
  "model": "core.treatmentoption",
  "pk": 2,
  "fields": {
    "disease": 1,
    "name": "Preventive Fungicide Spray",
    "description": "Copper-based spray for prevention",
    "treatment_type": "chemical",
    "applicable_stage": "prevention",
    "active_ingredient": "Copper Oxychloride",
    "dosage": "2.5 kg per hectare",
    "application_method": "spray",
    "frequency": "Every 10-14 days",
    "duration_days": 14,
    "effectiveness_percent": 85,
    "cost_per_hectare": "2500.00",
    "precautions": "",
    "re_entry_hours": 24,
    "harvest_waiting_days": 14,
    "is_organic_approved": true,
    "created_at": "2026-07-15T06:06:11.403Z"
  }
},
{
  "model": "core.treatmentoption",
  "pk": 3,
  "fields": {
    "disease": 1,
    "name": "Curative Mancozeb Application",
    "description": "Mancozeb spray for early infection",
    "treatment_type": "chemical",
    "applicable_stage": "early",
    "active_ingredient": "Mancozeb 75%",
    "dosage": "2 kg per hectare",
    "application_method": "spray",
    "frequency": "Every 10 days",
    "duration_days": 21,
    "effectiveness_percent": 75,
    "cost_per_hectare": "3000.00",
    "precautions": "",
    "re_entry_hours": 24,
    "harvest_waiting_days": 21,
    "is_organic_approved": false,
    "created_at": "2026-07-15T06:06:11.422Z"
  }
},
{
  "model": "core.treatmentoption",
  "pk": 4,
  "fields": {
    "disease": 1,
    "name": "Severe Infection - Carbendazim",
    "description": "Strong systemic fungicide for severe cases",
    "treatment_type": "chemical",
    "applicable_stage": "severe",
    "active_ingredient": "Carbendazim 50%",
    "dosage": "0.5 kg per hectare",
    "application_method": "spray",
    "frequency": "Every 7 days",
    "duration_days": 30,
    "effectiveness_percent": 95,
    "cost_per_hectare": "5000.00",
    "precautions": "",
    "re_entry_hours": 24,
    "harvest_waiting_days": 30,
    "is_organic_approved": false,
    "created_at": "2026-07-15T06:06:11.425Z"
  }
},
{
  "model": "core.diagnosisrecord",
  "pk": 1,
  "fields": {
    "user": 1,
    "farm": 1,
    "crop": 8,
    "disease": 1,
    "confidence_score": 45.0,
    "status": "confirmed",
    "detected_symptoms": [
      "ry5"
    ],
    "severity_level": "mild",
    "description": "54rtrgegr",
    "location_in_field": null,
    "suspected_cause": null,
    "environmental_factors": {
      "humidity": 44.0,
      "rainfall": 1.0,
      "temperature": 12.0
    },
    "recommended_treatment": null,
    "treatment_started_at": null,
    "treatment_status": null,
    "image_url": null,
    "image_analysis_data": {},
    "verified_by_expert": false,
    "expert_notes": null,
    "detected_at": "2026-07-15T09:45:04.888Z",
    "updated_at": "2026-07-15T09:45:04.888Z",
    "resolved_at": null
  }
},
{
  "model": "core.diagnosisrecord",
  "pk": 2,
  "fields": {
    "user": 1,
    "farm": 1,
    "crop": 8,
    "disease": 1,
    "confidence_score": 45.0,
    "status": "confirmed",
    "detected_symptoms": [
      "ry5"
    ],
    "severity_level": "mild",
    "description": "54rtrgegr",
    "location_in_field": null,
    "suspected_cause": null,
    "environmental_factors": {
      "humidity": 44.0,
      "rainfall": 1.0,
      "temperature": 12.0
    },
    "recommended_treatment": null,
    "treatment_started_at": null,
    "treatment_status": null,
    "image_url": null,
    "image_analysis_data": {},
    "verified_by_expert": false,
    "expert_notes": null,
    "detected_at": "2026-07-15T09:48:05.780Z",
    "updated_at": "2026-07-15T09:48:05.780Z",
    "resolved_at": null
  }
},
{
  "model": "core.diagnosisrecord",
  "pk": 3,
  "fields": {
    "user": 1,
    "farm": 1,
    "crop": 8,
    "disease": 1,
    "confidence_score": 45.0,
    "status": "confirmed",
    "detected_symptoms": [
      "ry5"
    ],
    "severity_level": "mild",
    "description": "54rtrgegr",
    "location_in_field": null,
    "suspected_cause": null,
    "environmental_factors": {
      "humidity": 44.0,
      "rainfall": 1.0,
      "temperature": 12.0
    },
    "recommended_treatment": 2,
    "treatment_started_at": null,
    "treatment_status": null,
    "image_url": null,
    "image_analysis_data": {},
    "verified_by_expert": false,
    "expert_notes": null,
    "detected_at": "2026-07-15T09:51:43.437Z",
    "updated_at": "2026-07-15T09:52:07.956Z",
    "resolved_at": null
  }
},
{
  "model": "core.diseasealert",
  "pk": 1,
  "fields": {
    "disease": 1,
    "title": "Early Blight Outbreak - Region X",
    "description": "Reports of early blight in tomato fields in Region X",
    "alert_type": "outbreak",
    "affected_regions": [],
    "recommended_actions": "Apply preventive fungicides, remove infected leaves",
    "urgency_level": 8,
    "issued_at": "2026-07-15T06:07:29.310Z",
    "expires_at": "2026-08-14T06:07:29.305Z",
    "is_active": true,
    "source": null,
    "affected_crops": []
  }
}
]
